37.36087083,29.97476803,113.9717939
35.45189621,25.29064137,115.135664
30.51641783,20.53769235,114.9887678
24.3976724,19.4048506,113.092649
19.18788515,19.41259863,112.7767565
14.47089071,19.78006374,114.1249497
8.83238008,20.68034412,115.6077384
1.667955544,21.92226141,116.1948936
-6.597141482,23.35562606,115.5322643
-14.87109504,24.87811707,113.9217606
-23.14791252,26.10656793,112.1335201
-31.53807041,26.99966618,110.553332
-39.65273691,28.21271133,108.6742465
-47.02506182,29.06458189,107.1045444
-53.30989691,28.0543939,106.9799457
-58.67733351,24.21755564,108.3374502
-63.61015124,17.62020929,110.5928836
-68.70436783,9.771914053,112.6965088
-73.51130409,4.434517894,113.5995675
-77.94175849,4.937867611,112.8656552
-83.92598156,10.84284512,111.5440826
-91.64128929,18.02866993,110.9138713
-99.47525185,20.87573513,111.8644278
-106.1698501,20.38127154,113.2879233
-111.7351153,18.86052524,113.934954
-117.9795237,17.1245082,113.4558716
-125.2617547,14.73738665,112.1761798
-132.7543136,11.22041407,110.7594642
-139.1221163,8.273989268,109.736396
-143.9037637,6.729200444,108.9715437
-147.6582614,5.886015907,107.6693642
-149.91379,5.46318607,105.7355431
-150.1143058,5.444669832,103.5348801
-148.5728941,5.940077424,101.7335289
-145.1074284,7.538549681,100.8629117
-139.2578429,10.91211661,101.1669137
-131.7005372,15.27719101,102.229853
-123.8244929,18.129456,103.1329763
-117.4793575,15.62134839,102.3805683
-113.1795426,11.01932476,97.6003927
-110.722466,9.963471127,87.98155266
-110.1806554,12.1851272,78.98427255
-111.2271429,16.42251892,72.83545139
-112.9628434,21.50313315,67.21197906
-114.0561568,25.5746657,62.44649901
-113.4924416,27.59896934,59.32722523
-111.3263771,28.76237077,57.18816519
-108.4014107,28.88829888,56.38040415
-105.9634292,26.80774501,57.83115331
-104.7811022,22.64301443,60.89022142
-104.8858836,16.84573882,65.08727717
-105.4339243,10.02252321,70.72335444
-105.7129984,4.635432918,76.86098037
-105.5238976,2.749831245,82.45069868
-105.7922774,2.407405889,88.12802565
-106.5860651,2.272439264,93.47488742
-106.7569764,2.718028428,97.04534504
-104.4550187,5.965665354,99.66506318
-98.87714846,11.84615866,101.321523
-91.83262996,14.55936189,98.91310607
-86.17675165,13.51326036,93.08162646
-84.02213032,11.90104271,86.83466625
-82.41108906,10.92268162,80.68095788
-79.5926127,10.7810444,75.25832226
-77.02536735,11.09154065,72.07518023
-74.57600739,12.00684343,71.05490938
-71.95684865,13.50331351,71.57368981
-70.8770631,14.34498753,73.76091653
-71.65726892,14.22580131,77.28657542
-73.09195873,13.88018415,81.4052056
-74.72467094,13.75127736,86.19570884
-75.90323697,13.95755319,91.32739943
-75.24046074,14.25293653,95.26360324
-73.05352061,14.60553324,97.41481811
-70.39440732,15.19304103,97.80705221
-66.60447827,16.32025739,96.03678904
-62.3949716,17.895601,91.51399443
-60.25861409,19.31566284,83.90087789
-58.95570966,20.21820755,75.65810864
-56.24255033,19.9255251,68.79062979
-51.93364477,16.79929105,61.13063448
-46.90210193,11.82639476,54.12464496
-42.44997612,8.043342504,51.87853536
-38.66157784,6.20279577,52.55389899
-35.88145551,5.969009857,54.58847415
-35.42787093,6.54260473,59.90679335
-37.04109244,8.27512166,67.37116103
-39.35344881,11.594982,74.47531259
-40.83885842,14.6618538,81.33157071
-40.29408345,16.56936281,87.05866108
-37.20777306,18.01255087,89.2016874
-33.00496038,19.05354633,87.31372535
-29.53282575,18.755724,81.99990134
-27.60456611,14.91686075,74.21031446
-26.27858036,10.2841261,65.59543015
-24.66559608,10.01705881,57.77287137
-28.38883472,10.42465207,49.67232062
-39.10961844,8.433552573,42.28002819
-49.81257203,6.043851733,40.43907724
-59.96088874,4.460419499,42.32610284
-72.18176101,3.864096735,44.02243993
-85.65338296,3.567374775,47.81154216
-99.2242689,3.977241815,52.38500907
-112.1254957,6.4881451,52.29939766
-123.5053607,9.784183723,50.05866759
-133.1144122,12.9155229,49.81116199
-141.9559046,17.85442071,52.17066108
-149.3213003,23.10246679,57.67636273
-153.5335062,24.80031848,66.63989055
-155.0773186,21.94248281,77.10076624
-155.3405524,16.29248993,86.83273169
-156.0450485,12.12545497,94.37121854
-157.8232705,10.04763187,100.5154789
-160.9365626,8.689478718,106.5037708
-166.2611844,7.121287595,111.3697106
-172.8203816,5.160792268,114.2153658
-178.0759182,3.309569928,114.7789834
-182.3371375,2.045215074,113.7058106
-186.4046832,1.869452227,111.3942434
-189.9445217,3.361555558,107.18948
-193.3723134,6.949515642,101.5418312
-197.3310725,12.70268927,95.58209163
-200.8116509,19.70486898,89.58906129
-203.0472188,25.95922768,84.10905523
-204.0904678,28.75669007,80.09125781
-203.2788793,29.06696529,76.24888929
-199.9836545,28.29148195,71.39413821
-194.7692261,24.05573278,67.57949163
-189.3656907,16.71852045,64.87878101
-185.9967665,9.668441201,61.42815661
-184.4498776,5.079725425,58.09281225
-184.1547478,3.676874161,55.82298485
-185.3984313,4.423345151,53.99642604
-187.8865325,6.783010952,52.6497871
-190.9489001,10.44608747,52.08494714
-194.2116092,14.22082012,51.52401179
-197.1681972,17.10147492,50.53649372
-199.1456797,18.69925407,49.40274836
-200.1924373,19.53447177,47.98148642
-200.6484538,20.24047512,46.24158011
-200.6768478,20.7032873,44.93781495
-199.5999671,20.51996166,44.23928528
-196.4312147,19.28162176,43.76754116
-192.3393248,17.3509046,43.59251968
-188.5880478,15.25835198,43.85376597
-185.4269712,13.41333318,44.50560982
-183.1552376,12.38095093,44.95506959
-181.9452626,12.57028624,44.35650886
-181.2307437,13.49866388,42.17883011
-180.6964876,14.49069386,39.09748956
-180.4993843,14.96948203,36.83129084
-180.6935743,15.08497331,34.86817422
-181.2250183,15.16300055,32.24306067
-181.9350596,15.21587371,29.25403796
-182.8729615,15.35170419,26.30839759
-184.1500717,15.74630053,23.63782046
-185.2970482,16.34231982,20.91641126
-186.0776707,17.07583095,17.58592372
-186.8172339,17.96644692,13.1494456
-187.0269539,18.86949198,8.853398441
-186.1148672,19.60602343,6.307744096
-184.7386983,20.20930544,5.069023961
-183.1497427,20.82163425,4.770722319
-181.0013041,21.58722634,5.467937221
-178.7750601,22.17364686,6.479195108
-177.1237765,22.06679829,7.793594063
-176.3115679,20.83726018,11.30613054
-176.4099964,18.97309891,16.35683189
-177.2109618,17.23332847,20.69271948
-177.7867972,14.50823256,24.6395394
-177.5277347,10.94515479,28.3893181
-176.5124679,9.020955998,30.95749652
-174.2098709,8.656341829,32.03712725
-170.3036832,8.800279137,31.42573502
-166.1251212,9.835775953,28.06514962
-162.4990869,9.902716469,22.39273389
-159.3788389,5.791611425,16.27064393
-156.4844308,1.763839028,9.854273282
-153.6571115,1.635723281,3.59511085
-151.1185191,2.853858915,-0.3123258808
-149.0843073,3.797099592,-1.71324973
-147.6284948,4.269551928,-1.86382287
-146.4175725,4.865312128,-1.112733387
-145.5067593,6.083773801,0.5723877614
-145.5603901,7.96747229,3.39281591
-146.7034433,9.999977228,7.296131855
-148.5273776,11.59580457,12.00551073
-150.042412,12.71606746,17.01497377
-151.3370197,13.72174337,22.00365839
-153.4001831,15.24324929,26.80088247
-155.925787,17.7456351,30.87794933
-158.1143182,21.04830735,33.89421531
-159.1947245,23.96965794,36.10897329
-159.4593558,26.16356995,38.09512222
-159.4661678,27.87503222,40.37530228
-158.1244861,29.12797978,42.67192878
-155.0257194,28.43987676,44.88259281
-151.0212484,23.07681697,47.17675341
-146.1762128,15.01367029,48.25754268
-140.8562722,7.865563263,47.08590225
-137.1024543,3.606734476,44.95695475
-135.4865546,2.080137654,42.61420962
-135.0786008,1.622512242,40.05360275
-135.212856,1.520684206,37.62643216
-135.3225629,1.502379363,35.48971439
-134.8753633,1.50210676,33.31445085
-133.7808901,1.502112224,31.35971861
-132.2104495,1.542352538,30.05063881
-130.2700868,1.795398525,29.02263907
-127.6733304,2.316145299,28.16572152
-123.8559923,2.994861341,27.8050096
-119.4816868,3.786636076,27.76934318
-115.4092098,4.763253079,27.76934173
-111.7063681,6.166101851,27.74711778
-108.5615112,7.85095071,27.30118931
-106.2526641,9.444854557,25.82575522
-104.5645141,11.11388385,23.24112977
-103.1261009,13.05711794,19.72034341
-101.5750552,15.23704801,15.65673126
-99.78081883,17.27501453,12.15626833
-97.58279587,18.80323751,9.979902115
-94.33881496,20.0695083,7.573691596
-90.42485449,21.15167468,4.33544807
-87.32363267,21.86755172,1.161563728
-85.67098844,22.44873546,-1.466587853
-85.53760518,23.34892272,-3.725071233
-86.56563832,25.06572829,-6.675969495
-88.27264574,27.18617785,-10.10559742
-90.35243409,28.74865156,-12.89427348
-93.47939963,29.52568905,-14.71313707
-97.50940139,29.69415011,-15.65573271
-100.9300114,29.7041954,-16.03988176
-104.3585041,29.80760816,-15.52799388
-108.979537,29.97837095,-13.64179251
-114.0994463,29.73782081,-10.579496
-119.4682166,28.61914913,-7.032261214
-125.2875621,26.48114822,-4.011587962
-129.6005967,24.55354235,-2.144710173
-131.6118644,23.42226085,-1.363120359
-134.2356335,21.48765659,-0.6147435659
-137.8502536,18.27852784,-0.09294646814
-140.9045518,14.43147803,-0.8240311271
-142.807655,10.96036351,-3.181050202
-143.6063612,8.40763853,-6.713882003
-143.8566827,6.551633513,-10.16389687
-143.9508748,5.202415478,-13.02699615
-143.5948901,4.15860752,-15.57096416
-141.0396952,3.091987348,-18.941669
-136.73661,2.147209295,-22.61819541
-132.8670494,1.796492938,-24.82027913
-128.1503454,1.686348982,-26.47690085
-121.9479058,1.471185555,-28.47681737
-116.8384385,1.339293709,-29.93869076
-112.9557571,1.320947921,-30.65576562
-108.9419601,1.698475966,-31.24695675
-104.9359159,4.164868959,-33.16443217
-101.7145872,8.542049947,-36.33221942
-100.219427,12.13652248,-38.72458001
-99.8408123,14.52623453,-40.22324918
-99.7757747,16.3491804,-41.51030728
-100.5371141,18.02131307,-42.87725452
-102.1597902,19.92694333,-44.68649152
-104.0896542,22.28097472,-47.23381598
-105.8902491,24.42613652,-49.87974601
-107.3781001,26.03968241,-52.37058584
-108.6977562,27.750774,-55.50319263
-109.6969452,29.19354708,-58.79980692
-110.0475241,29.67166988,-61.34181308
-109.534387,29.68451751,-63.65153321
-108.086246,29.29650215,-65.81772185
-105.8443336,27.85313585,-67.13154941
-103.4532701,25.44623701,-67.50502776
-101.5053468,22.46973831,-67.0523774
-99.97002232,19.23656281,-65.65820694
-98.60654378,16.35040138,-62.79542863
-97.12742548,14.57634234,-58.02409642
-95.51054086,14.23477596,-52.80205972
-93.80807611,14.88691462,-48.44601187
-92.0136469,15.12255447,-45.11293415
-89.59660246,13.72351321,-42.44743865
-86.33921808,10.48813878,-40.22323079
-83.90821808,7.824982474,-39.33984217
-82.71434584,6.729158586,-39.90161026
-81.58121701,6.141770427,-41.05829262
-80.76236427,5.548339678,-43.09749762
-80.93643288,4.952882512,-46.3312401
-82.33649986,4.862700133,-50.0966646
-84.48336335,5.240889371,-53.63897148
-86.58521427,5.697903255,-56.41970904
-88.71329952,6.37849114,-58.7244435
-90.96277503,7.439618264,-61.00444487
-93.09744671,8.805166226,-63.5550573
-94.72613217,10.09393976,-66.00756861
-95.58797974,10.96741732,-67.8986502
-95.9839533,11.65997517,-69.51931291
-95.82039221,12.36915127,-71.15590469
-94.65136211,13.122653,-72.88659454
-93.00021534,13.80111068,-74.41733709
-91.3183482,14.21653519,-75.33191159
-89.23500226,14.17822132,-75.28128537
-87.02693834,13.90116586,-74.46458136
-85.16237701,13.76895666,-73.10113517
-82.72845177,13.66237592,-69.94178044
-79.52185683,13.6527091,-64.53952296
-76.71514405,14.14438874,-58.14331971
-74.84465852,14.66812159,-52.76164429
-74.11970598,14.66314833,-49.33233625
-74.85300145,14.53520459,-45.18142345
-76.87467691,14.56042003,-39.8558039
-79.52638549,14.72336593,-35.26009694
-82.12058442,14.94881928,-31.27335664
-84.05170446,15.2266834,-27.51746965
-84.91447826,15.68853191,-24.41081336
-84.8572952,16.36961477,-21.38920425
-84.23491306,17.17963226,-17.53119425
-82.8478199,17.84643593,-13.26851055
-81.0389163,18.12411664,-9.14673396
-79.87877102,17.91219166,-5.478742149
-79.42171793,17.56616458,-2.765476971
-79.79288666,17.06219274,-0.7182821984
-82.41484489,15.02085474,2.990960464
-86.50409946,11.97030843,7.922151502
-89.66553298,9.816649438,11.57043042
-92.31989202,7.791258676,15.03043461
-94.96433509,5.220147651,19.23308661
-96.7146443,3.036484313,22.91813378
-97.29329833,1.752544607,25.81419891
-96.92581118,1.361393998,28.24733928
-95.92892816,1.349064361,30.00003343
-93.86093762,1.60220107,31.14649963
-89.74758812,2.549169728,32.10090859
-85.40836611,4.175202749,32.21969846
-82.59924716,6.706296809,30.35992523
-80.1624146,11.24568782,25.47137271
-77.90062885,16.37362918,19.17068257
-76.5468344,19.29868401,14.58291558
-75.80259687,21.21203781,11.45194227
-75.16808468,23.45832946,8.790353891
-74.31896295,25.73755617,6.147082895
-72.91176729,27.70172874,3.985558853
-70.93854572,29.09575226,2.960405385
-69.47263224,29.78519758,2.748876281
-68.76633055,29.9462472,3.516900261
-68.08438818,30.00504442,5.995323372
-67.7340341,29.9366283,9.659749676
-68.0432251,29.60673669,13.71539555
-68.4616509,29.03749035,17.87452433
-68.7128876,28.08563208,21.48434311
-68.68185551,26.28407009,23.93052152
-67.64044137,22.43077698,26.20862847
-64.70754895,17.23056249,28.80732603
-59.35542824,14.11395333,30.88721034
-54.13585524,13.03493705,32.20727651
-51.31718051,12.35893347,32.73606411
-47.67407606,11.72767903,31.95331089
-43.26054783,11.44600116,29.81440482
-41.79278289,12.10910878,26.85364683
-42.39632348,13.38481644,23.56979112
-43.18106626,14.73156561,20.25156968
-43.76522933,15.89124031,16.84157667
-43.65699079,16.61574608,13.5715569
-42.12734407,16.51787813,10.58741733
-38.36862788,14.75685634,6.765651295
-32.92267178,11.91021239,2.253893803
-28.02674117,10.33238788,-0.9929430799
-24.38365049,9.62774169,-4.189912773
-22.03468778,8.486999453,-8.841767753
-21.46093119,7.075043279,-12.82236345
-22.21995795,5.748521987,-15.48920505
-23.46988743,4.834673402,-17.98406774
-27.46699151,4.788029053,-20.16122949
-34.73679752,5.817454241,-21.54570505
-40.98293997,7.599946274,-21.9756736
-45.84551214,9.795962492,-21.93861275
-51.35300906,11.78097681,-21.94237454
-57.18489988,11.8243344,-21.06327843
-62.51844749,9.688275106,-19.39186139
-66.71359844,7.221807605,-18.53698033
-70.0292003,5.130908364,-18.53848295
-72.81433162,3.498370554,-19.0569309
-74.62973834,2.357261003,-20.70585359
-75.44426985,1.706779017,-23.08240326
-75.6986692,1.488213774,-25.03829698
-75.80385943,1.471686917,-26.96032435
-75.51028801,1.471686985,-29.44609506
-73.63957589,1.501911633,-32.54110253
-70.90667118,1.932732482,-35.61849206
-68.19340132,3.643276366,-37.83360347
-62.80747258,8.423120326,-38.94563356
-55.41499995,15.19438537,-39.30266338
-50.76041781,19.81692252,-39.7325673
-47.65936488,22.3092772,-40.58398558
-43.94947636,24.31241667,-42.1200586
-41.33929479,26.74983434,-44.83846069
-40.48026382,29.06241916,-47.91529204
-40.77649228,29.93762186,-49.8608177
-42.08907187,29.96640278,-51.39243693
-44.54800723,29.85472452,-53.17432351
-48.29122021,29.5955371,-54.77505624
-51.55994298,29.24667904,-56.07540938
-53.18302611,28.90425636,-57.17847689
-57.17106631,28.54807643,-58.13120469
-63.75158057,28.1512711,-59.03923257
-68.56920571,27.68574486,-60.13436294
-72.16565865,26.99776624,-61.96025643
-75.86801941,26.05073689,-64.58418424
-78.33144065,25.13890637,-66.88229426
-79.39273023,24.16973714,-68.96638877
-79.93832739,22.85303862,-71.69062678
-80.21754801,21.4877365,-74.42873976
-79.69645717,19.96170898,-76.86421381
-77.12499233,17.65752933,-79.63958388
-72.83635129,17.11005973,-82.47197627
-67.95178047,20.56387685,-84.88527151
-63.27550618,24.45333926,-87.40542549
-59.58932506,26.70071475,-90.02291731
-57.52844433,27.8482282,-92.08121622
-56.62182795,28.38161884,-93.50117564
-56.49767199,28.65035358,-94.54194282
-57.7130985,28.85947237,-95.63878215
-59.75194009,29.10990273,-96.66264769
-61.8927417,29.40806943,-97.16597316
-65.98101005,29.63877665,-97.13570294
-71.79937173,29.75159239,-96.76676949
-75.84957364,29.82062879,-96.35776029
-78.32956675,29.87353945,-95.95829721
-80.81132204,29.9092966,-95.57847766
-83.22254456,29.92620302,-95.44783948
-86.00533154,29.9347999,-95.30643346
-89.99668478,29.94476247,-94.51559939
-94.00229627,29.89519095,-93.15314437
-96.93230411,29.71600983,-91.50302286
-99.18362299,29.34263564,-89.71282472
-101.1197134,28.43135627,-87.32206528
-103.1419429,26.55516901,-83.85356628
-106.2348522,23.7006818,-80.24947207
-110.0032571,20.69708646,-77.55446073
-112.4869723,19.00482609,-76.34066307
-114.6082119,17.57523138,-75.7551077
-117.6836029,14.9981363,-74.99810555
-120.5723891,11.93977621,-74.98296179
-122.9641244,9.065672188,-75.83959531
-125.4537237,6.722740037,-76.87525976
-127.7186511,5.092872094,-77.99845208
-129.6836402,4.07866171,-78.96678888
-132.0942437,3.234510168,-79.03087483
-134.3822188,2.596203079,-78.48660776
-135.6110534,2.353678108,-77.62837541
-136.5711777,2.124065312,-74.47400674
-137.7767236,1.784067958,-69.28655998
-139.0105446,1.655784334,-65.08983002
-140.3287973,1.989444731,-61.39595511
-141.6561533,2.975800457,-57.14718271
-142.3303124,4.733829548,-53.61397007
-142.1949196,6.805313472,-51.33452949
-141.471614,8.422015192,-49.98776449
-139.8460099,9.596511209,-49.39768132
-137.4328982,10.50586057,-49.67658365
-135.2123726,11.19374208,-51.23294003
-133.4534448,11.46068684,-53.66300113
-131.9483211,11.26469239,-56.17414948
-130.4534423,11.4582628,-58.31099597
-128.8736984,12.29371758,-59.92981242
-127.2544445,13.25975844,-61.13632729
-125.4408588,14.48497887,-61.89134863
-123.5897644,16.1697901,-61.90017101
-122.6348436,18.07545511,-60.53841869
-122.5628948,19.85263867,-58.34555372
-122.8854805,21.34380526,-56.34288761
-124.5819963,23.38785256,-53.5685863
-127.7719789,26.07835633,-49.64497241
-130.8802221,28.12608518,-45.75145293
-133.8742849,29.29005407,-42.09524215
-137.3338724,29.82340531,-38.63816917
-140.9388104,29.58920216,-36.33433038
-143.9656153,28.79833372,-35.37589097
-145.7852785,27.86745848,-35.06624817
-147.8238585,25.84403517,-35.2345392
-151.3050686,22.20887295,-36.35880483
-155.5156178,18.30165637,-39.58305248
-159.4002026,15.30238569,-43.40888441
-162.3178825,13.61808135,-45.50544534
-165.5885544,11.70171245,-48.09510821
-169.7046287,9.043498728,-52.19996443
-173.417535,7.059435924,-55.83854071
-176.0450685,5.768326015,-58.88888175
-177.4375067,4.687851221,-61.92346274
-177.9240928,4.076983052,-64.56297899
-177.8045514,4.076733798,-66.69154668
-177.3634059,4.642252164,-68.61220486
-177.3790691,5.990487798,-70.68377873
-178.4958844,8.097671126,-72.93254668
-180.7846266,10.40754087,-74.80931306
-184.1313743,13.3369864,-76.47179688
-188.171642,17.34943633,-78.28238307
-191.9415951,20.54116734,-79.45325187
-194.9535579,22.06410919,-79.71273978
-197.5133741,23.01213461,-79.70453687
-199.9963453,23.6375785,-79.40416595
-202.4718447,23.85318756,-78.71010686
-204.2672844,23.8545846,-78.13343444
-205.3420895,23.70848203,-77.33032038
-206.1698632,23.31090969,-75.27872816
-206.4278438,22.48224292,-71.85955403
-205.9033434,21.24561046,-67.5619275
-204.991912,19.97478646,-63.40447658
-203.8345704,18.68530591,-60.41481977
-202.3232896,17.23391947,-59.17919395
-200.1973287,15.78605704,-58.90221079
-197.7755014,14.71010123,-59.40833774
-196.0368137,14.33762638,-61.39569826
-195.4744058,13.58026233,-64.03477715
-196.1895549,11.65092198,-66.27495643
-197.9017788,9.818945234,-68.15888664
-200.1456665,8.502963381,-70.06545002
-202.387183,7.282283582,-72.36540956
-204.2922376,6.282221108,-74.6799101
-205.7776821,5.492098498,-77.07063104
-207.0242196,4.481836753,-80.45179421
-207.8193889,3.467178513,-83.74818454
-207.8615403,2.819594241,-85.55040032
-207.3203427,2.155958981,-87.16735351
-205.9382593,1.473511885,-89.05723826
-203.066954,1.272390796,-90.24746052
-199.2803076,1.499145561,-90.47856472
-195.2835752,2.160282846,-90.1802692
-190.9898576,3.834776179,-90.51473686
-186.2693946,6.293428784,-91.8621206
-181.1432068,8.708136838,-93.98501229
-176.0754236,10.65193392,-96.93588519
-171.0942445,12.10756511,-100.5891159
-165.4762366,13.445139,-104.4601481
-159.117486,14.58443478,-108.3087223
-152.5863198,15.28301837,-111.7870463
-147.2793946,15.58916976,-113.842031
-143.6903451,15.52663271,-114.2876537
-141.297768,15.13172268,-113.8279587
-140.0261618,14.99711299,-112.3276354
-139.922487,15.58631754,-109.7241743
-140.8688304,16.76808982,-106.7384328
-142.1710463,19.36947039,-103.9539829
-142.6930877,23.93714228,-101.7732049
-141.187182,26.9637616,-100.5350909
-137.7718381,26.87080757,-100.2194151
-134.3567457,25.9658647,-100.3766645
-131.8518853,25.24321462,-100.9221553
-130.3991683,24.78679765,-102.0685127
-129.6429264,24.4209752,-104.2547474
-129.6301375,24.07135475,-107.284039
-130.6970318,23.793413,-110.3230691
-132.1922614,23.5952363,-112.6191528
-133.3879574,23.43973594,-114.007195
-134.0330155,23.21816386,-115.2695982
-133.6625645,22.54232539,-116.4569376
-131.9056462,21.09959537,-117.0672089
-129.4017473,19.52921794,-116.6509611
-127.0271381,18.39691345,-114.8606916
-125.580196,17.80630568,-111.5330161
-125.221392,17.18642503,-107.069901
-125.5288117,16.00663115,-102.3962022
-125.4031509,14.56573169,-98.98179387
-124.1771235,12.7814514,-96.36792757
-121.8562874,10.38817947,-92.93453489
-119.4126389,8.50862369,-90.36097207
-117.4272608,7.85526366,-89.82926671
-115.3777948,7.676051746,-90.02787035
-113.5779554,7.134290579,-91.57460216
-112.7454821,5.777615665,-95.59873722
-112.931347,4.323952985,-100.3314544
-113.7187128,3.367042659,-104.6242164
-114.3797853,3.027033235,-108.7094578
-114.7220583,3.212503767,-112.1296888
-114.5962157,3.689957167,-114.4645425
-113.3747778,4.162703528,-116.122701
-110.0316618,5.659427498,-117.0585425
-103.972061,9.478091205,-116.7581109
-97.91853777,12.95483574,-114.7685689
-94.19336607,14.92994871,-111.3309231
-92.83162273,18.09875654,-107.7012682
-92.755394,21.26690765,-104.6577903
-92.61555788,22.01187801,-102.5574117
-91.89979518,21.81284087,-101.4889294
-90.45746723,21.1385417,-101.6330026
-88.40527264,18.90177877,-103.1565289
-86.1813135,16.77166756,-105.0933691
-84.21081872,16.38356112,-106.3616179
-82.63152622,16.85994766,-106.6358402
-81.64193992,17.27733264,-106.031308
-81.53514877,17.01276835,-104.8694243
-82.67098262,15.81581321,-103.2018515
-84.80621329,14.0322275,-101.1073139
-86.97467514,12.64070531,-98.82656979
-89.9857628,11.70314128,-96.70914701
-94.54087737,10.8763812,-95.07198227
-98.1960277,10.17178561,-93.97248653
-99.90789104,9.502267983,-93.10810119
-100.5579947,8.623037736,-91.905996
-100.3353451,7.359993246,-90.11818029
-99.14352332,5.788903264,-87.61658789
-96.91569388,4.388457671,-84.32764316
-93.77818187,3.209816689,-81.10779433
-89.86174043,2.092170565,-79.4143342
-84.79594954,1.409141071,-80.38742259
-79.59550714,1.540436872,-83.93198523
-76.96896058,2.633857794,-88.43294947
-76.40598701,4.375747757,-92.78473281
-76.16618689,6.89515338,-96.41044684
-75.76112613,12.00415375,-99.33296477
-74.77028795,19.38011386,-102.2389427
-72.61447372,26.20534057,-106.0359887
-68.60549169,28.78734241,-109.8372486
-63.03884499,26.36818796,-112.4980751
-57.96360313,23.76014676,-113.617027
-54.06886464,22.24776605,-113.6691147
-51.08908526,20.35498414,-113.4286941
-49.10681263,16.80309161,-112.7615034
-47.92437751,11.98367308,-110.6972352
-47.00827546,8.065463157,-105.8181894
-46.84056706,5.012865576,-99.43190533
-47.74040392,2.340841358,-93.35588743
-48.4651779,1.115799474,-87.43782541
-48.68114779,1.626294414,-81.10348328
-48.82492124,3.436346811,-74.09613243
-47.99956753,7.058899316,-68.31690465
-45.62220628,11.6740556,-65.06612842
-42.36350737,13.9784546,-63.54119527
-38.65160378,14.1874905,-63.92305413
-34.64534316,14.32466516,-66.58087921
-30.38450731,14.4771248,-69.99469474
-26.25456303,14.50873383,-73.19625754
-22.97737741,14.50886162,-76.34666852
-20.52983711,14.50886162,-79.54267539
-18.91288172,14.50886162,-82.7554859
-18.88421901,14.50886162,-85.78973872
-20.12820238,14.50886162,-88.27581065
-21.59942792,14.50886162,-89.92361714
-23.47707352,14.4915017,-91.4052589
-26.21094399,13.32693018,-93.13519519
-30.02757847,8.648601832,-94.71428411
-34.45924838,3.34941514,-96.18003941
-38.66074578,1.569289699,-97.95626213
-41.86351343,1.491725341,-100.6954569
-43.75566014,1.578842257,-103.8674153
-44.53723326,1.869174822,-105.9397668
-44.55159131,2.164857719,-107.7361869
-43.3817327,3.344470916,-110.2510644
-39.07783236,8.567076346,-112.7758461
-32.4237744,16.79134716,-114.6747816
-25.91946177,23.96793141,-115.4712176
-19.57867374,28.2757933,-114.4071641
-13.72306106,29.7097838,-111.6571129
-9.954730011,29.90205723,-108.7455251
-8.111266243,29.46768706,-105.9161027
-7.282117374,28.21007952,-102.8906977
-7.358332541,25.4422603,-100.0697538
-8.550844554,21.39260044,-97.65255244
-11.04490339,17.16123756,-95.47589298
-13.79153839,12.84729993,-93.21928498
-15.63817051,8.457437191,-90.43058279
-16.17676215,4.595606663,-86.6369294
-15.52213525,2.008791419,-83.21609745
-14.02725998,1.357233938,-82.04789516
-11.72497445,2.737101306,-81.65280189
-8.435525729,5.888868025,-81.38352393
-3.952982869,10.14340798,-82.65099481
0.6262191925,13.84875993,-84.78161202
3.966420695,15.66924071,-86.42903009
5.928597363,16.42340351,-87.4705734
7.83274059,17.3747253,-87.57254757
11.47007011,19.45108009,-86.20225421
14.51912537,21.26238524,-83.94395757
15.06810809,21.35099896,-81.30576745
14.47377533,19.64415573,-78.00752696
12.84007653,16.65144266,-74.57019064
9.529249626,13.31184721,-71.85023493
5.161209452,11.02501848,-69.71298353
-0.2792282808,9.922874171,-67.4422037
-7.717964982,8.559354224,-64.05977913
-15.92152659,6.858308701,-60.03533798
-22.7943899,5.381472874,-56.53763038
-26.80855527,4.522637931,-54.67234732
-28.56866963,4.161183357,-53.96317109
-30.17615244,3.83719965,-52.82338116
-31.97119535,3.603121623,-51.21850389
-33.68867051,3.689993424,-49.23018125
-34.97460404,4.386852786,-46.29244078
-34.92894377,6.434053747,-42.08859606
-32.52273015,10.15725691,-36.98538868
-27.48919139,13.56889486,-32.94697524
-21.14667579,16.02678714,-30.49066618
-16.15614239,18.87882885,-28.17370454
-12.67296174,22.0518722,-25.7430073
-9.962623291,24.74733585,-23.27435183
-7.835858948,26.06051599,-20.30603689
-6.009796401,25.32519841,-16.64148735
-4.180380872,22.41994799,-12.44445057
-2.611951203,18.77736472,-8.225677726
-1.35350069,15.64503947,-4.445358765
0.1029906526,13.16448891,-1.219888314
1.757559603,10.51077787,2.425713551
3.224561388,7.14663957,7.323402318
3.965504311,4.977972501,11.95939386
4.200636445,4.560771388,16.16518398
4.854401872,4.559634873,21.33847418
5.733869075,4.559171544,26.00455171
6.464428806,4.477172178,29.06287474
7.346881759,4.074792356,32.65030623
9.732243478,3.306872079,37.46485654
14.90145484,2.364532331,42.59702058
20.59801306,1.730374949,46.48320538
25.5485896,1.587508669,48.53444336
31.10913478,1.58611923,49.7301587
36.42003407,1.58611923,50.00691094
40.05375269,1.58611923,48.82344787
42.77527431,1.660378447,46.12500626
45.40337548,3.704582411,42.35066129
48.26452496,10.28579402,38.3510205
50.86942523,16.76029763,34.92781206
52.92333976,19.00333721,32.61005227
55.04408231,19.20970862,31.46344673
57.0836123,18.91178325,31.87087304
58.52463527,18.78356331,34.20479317
59.90739878,20.12880914,37.70866873
61.48890286,22.78678109,41.19608251
62.77546556,24.56411798,43.47439032
63.31804231,24.9644104,45.0020539
62.97878712,24.53330304,46.66152135
62.27560222,24.04407611,48.28089452
60.88142962,23.17877717,50.82906054
57.76858643,20.75959971,55.94319432
53.1367353,16.88518916,61.92163563
48.16883853,12.64632815,66.5438316
44.84146775,9.936947254,68.89838077
42.55841611,8.433983392,69.5976036
39.51076907,6.764685506,69.88219473
36.06410077,5.435805102,69.86003421
32.63837736,4.663156838,69.93489846
29.0872705,3.827144551,71.03197291
25.37923653,3.077001866,72.55496293
21.34815306,2.992907563,73.86449377
16.40777006,4.202203363,75.98445051
11.66620066,6.233167841,79.15745931
9.227192096,7.850232202,82.66228212
8.200556118,9.006503325,85.63046654
7.356056932,10.35407935,88.13545035
6.523856533,12.98358252,91.72230127
5.400533298,17.00542768,95.79117659
3.697382718,21.63818797,98.76540254
1.669349415,25.30132459,100.6684296
-0.8648759486,27.34327913,101.8187037
-4.553776409,28.30646495,102.4699276
-8.686785446,27.93260211,102.8367074
-12.429441,25.68092442,102.8657688
-16.00621627,21.33037717,101.9698469
-18.88437637,16.27441782,100.293154
-20.12384977,12.69063329,98.46973001
-20.42991653,10.25257383,96.25777096
-19.92934845,8.323564807,93.44232646
-17.28961947,6.962766899,90.2504048
-13.53989093,6.268776084,86.73278716
-10.64003048,6.315687326,83.02544338
-8.861255483,7.131259038,79.90588665
-7.947929603,8.433787982,77.59424287
-7.559335614,9.770076268,75.58491237
-8.195231714,11.74617911,73.58739287
-10.16443634,14.81176417,71.05733001
-12.64969584,18.1826323,66.8096091
-14.9044873,21.31117548,61.41168392
-16.48784785,23.96287683,56.61637311
-17.53915472,25.92594942,53.0769568
-17.63051974,27.31706796,50.49404508
-15.45228108,28.64891239,47.82862333
-11.40094069,29.67259325,45.98561768
-6.673204921,29.98721254,46.07109168
-1.962242792,30,46.62895918
2.226523946,30,46.62141473
5.535901745,30,45.95041216
7.90973102,30,44.67257174
9.621909415,30,42.61148566
11.32333398,30,39.1214297
12.9063637,30,34.53604464
13.85507405,30,29.72225515
14.36725416,29.98465013,24.68070987
15.04038148,29.25795371,20.00266605
16.66006979,26.49617957,17.15667793
19.07017829,22.92951597,15.60832004
21.8581365,20.01415379,13.89184561
25.20445641,16.36847255,10.91310862
28.90739212,12.35915715,6.743737142
32.35772055,10.02868446,2.586231283
35.26538992,8.824844971,-0.002123301584
37.59329702,7.819327406,-0.4484221819
39.56506461,7.060584249,-0.01614798051
41.54519034,6.289348634,2.002051337
43.84830619,5.166942693,6.933812941
46.32716053,4.084981016,12.97976866
48.91390763,3.202756796,18.25594607
51.77923754,2.239946634,21.8386989
55.09776473,1.491136829,23.88755929
58.77871525,1.274034641,24.93952385
62.1345239,1.277582461,25.20669955
65.32339203,1.510983737,23.59110514
69.0629388,2.436110803,18.63511368
72.6262224,4.898680892,12.81885002
75.3276766,8.857838931,8.322658753
77.36649214,12.78052074,4.662802286
79.12969176,17.55110691,1.325875296
80.98327898,24.18998921,-1.793566938
83.0012113,28.77230528,-3.932023766
85.11484882,29.81266519,-4.864823351
87.16080161,29.75875759,-5.074271572
88.98135455,29.40743494,-3.944578694
90.21452068,27.76344636,-0.9928557671
90.10788657,21.92008805,2.811713352
89.40410922,14.13420703,6.348784725
89.81787024,9.935403417,8.74494413
91.50984771,8.807691366,10.07771751
93.83550252,9.0429089,10.47969858
95.73639492,9.936779455,9.81235685
97.36566254,10.9290853,8.785946196
99.2367801,11.59879452,8.45976274
100.6974446,11.84540851,9.346275717
101.1430741,11.20162876,11.02104207
100.3366174,8.963422776,12.34095418
98.42521652,5.999541766,13.48099783
95.29509635,3.516360231,14.77447914
90.13195752,2.036301169,15.75990997
84.66068883,1.510214958,16.50396288
81.79394615,1.555222644,17.44792214
80.68054952,1.983247506,18.52240484
79.94502667,2.712293727,19.75301254
79.10199764,3.73846809,21.45878444
78.95041162,5.092479291,23.44224245
80.27013435,6.802101675,25.39689716
81.94080295,8.828255378,27.54839247
84.47905479,10.79443461,29.99142514
89.73154038,12.0894116,32.51996977
95.2146692,12.71926291,34.53444642
98.8498842,13.13723465,35.1859741
102.4722426,14.16102324,33.53331378
106.1873844,15.89985345,30.2556172
108.8516354,18.02586947,26.82772409
110.7114196,20.63978942,23.16861297
112.3691998,23.30950991,19.67576943
114.3710432,24.87761239,17.74116505
116.7889622,25.51794958,17.01934888
119.2116018,25.88693781,16.74406117
120.6204556,26.05036816,17.44601015
120.9550902,26.03203102,18.94536757
120.9544712,25.58504804,20.36463094
120.1260881,22.67858275,21.91978973
117.9226936,16.81117907,24.07118879
114.5866969,11.27069309,26.9313857
111.4531264,7.722616396,29.58401702
110.0184301,6.020071915,31.67127005
109.8603015,4.45729918,37.25242687
110.5297392,2.553364435,46.62159374
112.0827432,1.649365702,54.62651551
114.3425191,1.573067256,61.32553288
117.0135285,1.794232529,68.23367015
119.7924055,2.755284193,74.0320803
121.9101455,4.052066035,78.39383032
122.447825,4.63314209,82.1625961
121.8502625,4.717545573,85.60208985
120.4648585,4.743566641,88.9485595
117.8030197,5.011948081,92.66757141
114.2238733,8.011144957,96.51963195
110.1590316,15.35548317,99.82295625
104.3494636,21.11070438,101.9724663
97.20358087,22.99289356,102.9011781
91.05610938,24.63454789,103.0976804
84.7482955,27.18311865,102.5924839
76.69292071,29.74454483,101.0739735
67.97651372,29.77034162,98.01114727
60.47960846,27.76866059,94.09844866
55.90093549,26.42662095,90.72873251
53.43940442,25.70195945,87.62144501
52.15338922,25.10356635,84.15157003
52.13566253,24.43851284,79.96026488
54.39927514,20.44553882,74.87371819
59.46144305,11.18636858,69.16005545
64.80438963,4.358168831,64.12898112
68.82753488,2.783035763,59.93958482
71.62365427,2.258452135,55.49508587
73.37749579,1.791108406,51.3225837
74.98854408,1.70275934,48.17047117
78.67833277,2.029016091,45.81820911
83.76858129,2.800178222,44.25645628
87.75646565,4.01991805,43.64828442
90.63723963,5.46973701,43.7714862
92.66801672,6.964488732,44.6667816
93.48593334,8.456590549,46.77685034
92.88740946,9.894179957,49.22492533
90.87884893,11.28124137,51.03434058
87.75946859,12.80871645,53.04370175
84.25778897,14.71164997,55.39990728
81.37183979,17.13918529,57.40369384
79.37265575,19.65839301,59.62031485
78.19216102,21.64522402,62.56991192
77.71310689,22.56832867,65.73464384
78.80879892,22.47244495,68.779467
82.33511781,21.56497919,71.6030271
86.20270995,19.07461926,74.15243277
88.93625026,14.83049575,76.51921919
90.88227399,9.885690798,78.95221065
92.08628511,5.819049548,81.48044781
92.48575143,3.830575973,84.21914591
92.33468783,3.515137905,87.81219574
92.26033467,4.379832826,92.59825582
93.00787723,6.125665073,98.22458492
94.26610823,8.570055784,102.6292199
95.87058868,11.49345657,105.0922093
98.50312109,14.57486798,108.1621481
101.6645613,17.92729722,111.2749231
104.4610466,21.77082948,112.3999349
107.7037954,25.60128004,112.7319603
111.638791,28.57949356,112.5784423
115.3213894,29.84197337,110.4672392
118.1082456,29.99312739,107.3959321
119.5598474,29.87807327,104.7202008
119.3480569,29.24529119,101.7223929
118.100574,28.22251226,98.70093595
117.0330406,27.30890513,96.81939881
116.049112,26.38639245,95.53036501
114.8995958,25.29645225,93.95294102
113.8165607,24.15055654,91.65275244
113.2002774,23.00716048,88.92082627
113.5801096,21.64678615,86.33621283
115.6330248,19.12710106,83.99792649
119.0696546,16.02533843,82.12533557
122.503365,14.53686612,81.21052374
125.196824,14.18471895,81.78778313
127.0512226,13.67413738,83.99282391
128.6723192,12.62331792,87.04286075
129.9665508,10.89986243,90.471886
130.3749934,8.63737361,94.10559169
130.2993041,6.73579292,97.3905969
130.3258133,5.811906755,100.1759037
130.862513,5.669349683,103.0835187
132.1707562,6.001343089,106.2772356
134.6107407,6.797591315,109.5399333
139.0389391,8.989781048,112.4328497
144.8469686,12.0206478,114.5036944
149.9978984,13.80079753,115.4512749
154.4613922,14.37987528,115.749448
158.8369228,14.7742045,115.5811646
163.2233052,16.06009115,113.949803
166.999536,18.06132251,111.3289959
169.2885646,19.78703305,109.0968818
170.3207632,20.99061446,107.0554676
170.2958631,21.6795083,104.8970827
168.9613688,21.93974084,102.763408
166.4402874,21.97009385,100.5007589
163.0690213,21.78519355,98.08044115
159.1534342,20.69782017,96.31535126
155.0958311,17.9393314,95.0037717
151.3351811,13.08613314,92.89971739
147.8951679,7.51035815,89.74801078
144.9606139,3.143433269,86.08127538
143.2833071,1.576426807,83.12680705
142.8185133,2.658099259,80.90146432
143.1003167,5.036030542,78.63947221
144.4754231,7.525471284,76.22103332
146.5874997,9.296558179,74.02991764
148.1674235,10.08475067,72.75818814
150.7924176,10.86525442,71.79287481
156.3582364,12.47723107,70.29421194
163.6484803,13.81872614,68.61848163
171.1048039,14.75762892,67.17449679
177.4940686,16.24061875,66.06396327
182.4451256,18.27444987,64.47663382
186.2547363,20.58238833,61.74566062
189.7978758,22.97112852,58.08931174
192.6539035,24.96873072,54.37839927
193.7772804,26.19720076,51.47754074
193.2156949,27.33012506,48.85304408
191.1393842,28.69777803,46.45429133
187.5967217,29.84552727,45.07559146
183.0154186,30.04432886,44.06117917
177.9661583,28.91575504,42.40391344
172.8757716,27.13858912,40.00495961
167.2950665,24.10594559,37.20771422
160.5969608,18.64395724,34.63437364
155.1434568,13.31133985,32.9300698
151.9755616,9.822223881,32.16836922
148.4435756,6.582933967,31.5022172
143.9912192,3.933157444,30.73552715
139.5286505,3.020359417,29.95498338
135.6663412,2.899404258,28.62658564
132.6900231,2.678033192,26.46085439
130.5717652,2.139355983,23.66468682
129.2215528,1.615542843,20.77378416
128.8752362,1.425530638,18.25764877
130.5245654,1.356566787,16.12672047
134.6072544,1.333167044,14.25377657
140.5680413,1.417869615,12.55160418
145.8146862,1.487212833,11.40049961
148.9678933,1.461064812,10.66243453
151.3869969,1.426243689,9.290390899
153.2268639,1.566065381,7.553605954
153.9479683,2.008218888,6.186649244
153.5158939,2.556174102,4.814866034
152.2794625,2.992388559,3.16512024
150.6286135,3.196974912,1.405264156
147.178775,3.379730275,0.2551227178
141.5741006,3.828650331,0.04051174333
136.9895445,4.707386371,-0.2073848091
133.908025,6.008963293,-1.534964304
130.8111904,7.639262043,-4.572000996
128.1692174,9.659911291,-8.450342552
126.5114586,12.64221591,-12.32459712
125.6865456,17.60639454,-15.94950198
126.027372,23.35574015,-18.79633012
127.8632691,27.8015502,-20.2737991
130.6709547,29.89345403,-20.16548193
134.113542,29.9701125,-19.04019906
138.1010981,29.38121565,-18.01247112
141.91228,28.08302641,-17.0080446
145.4161196,25.38371445,-15.34511482
150.0019149,20.52523996,-12.14515619
155.465901,14.75057357,-7.935523969
160.6969452,10.04712376,-4.240104956
166.0901646,5.586353583,-2.399167289
170.9835675,2.731323764,-3.636641796
173.0690345,5.904502054,-8.742581488
172.8441552,11.68211715,-15.56928794
171.7578625,14.95094614,-21.48632696
169.8057194,17.00909592,-26.51465732
166.4191755,18.82196374,-30.70641989
160.9842005,19.92761915,-33.54981308
154.3529317,19.46151823,-33.61768466
147.8552121,16.86964336,-30.3792098
142.7203086,12.53137705,-25.50506684
139.6476055,8.656169478,-20.63087815
138.6009083,7.781654675,-16.63731122
138.1591731,9.316296555,-12.34344724
137.6300046,11.75119965,-7.716601535
137.5054995,13.86627486,-4.47082366
137.0900234,18.57794792,-1.778447678
135.020205,26.36364174,1.640249192
129.8931648,27.40207494,5.057933561
122.8911643,21.61284634,7.151366932
117.0257119,17.2866404,6.805792388
112.73412,13.4659397,5.282493859
109.3963457,8.439773067,3.380273583
106.1627713,4.316448186,-0.04610167054
103.643134,2.07391056,-4.654282603
102.8208189,1.493261132,-9.08892481
102.79709,1.537431124,-12.20944443
103.4066608,1.580014775,-14.57568143
105.7417864,1.877223831,-18.32761287
110.2049859,4.035354375,-22.84759379
116.0947682,8.375745373,-26.8775662
121.0721321,11.15776091,-30.54642059
124.879005,11.589027,-33.9864005
128.7675239,11.5434047,-37.21101297
131.9834268,11.54678316,-40.42748202
134.042526,11.8750491,-43.60542786
135.7940841,12.99995049,-46.28640708
137.5361982,14.59730107,-48.42089522
139.2253271,16.16266412,-50.30820691
140.9878724,18.10597304,-52.49414842
143.1318003,20.37743592,-54.92543423
146.0204512,22.31354838,-56.93355914
149.3094537,23.8861701,-58.52525433
152.6333511,25.2695753,-60.06400876
156.1705128,26.49342893,-62.0221883
159.7614109,27.58598807,-64.27007847
163.0573372,28.5625982,-66.6324337
166.2617341,29.32496815,-70.79141827
169.1110596,29.79430938,-77.02862154
170.5808894,29.97838697,-82.95852815
171.0473713,29.99997201,-87.51082143
171.4079202,29.96986251,-90.76126322
171.7541705,29.79776494,-93.67566852
172.0996257,29.48544572,-97.2046345
172.537525,29.12831093,-101.7569719
173.2125078,28.58605633,-105.57378
174.1968341,27.81553283,-107.3332606
175.3837641,27.12472343,-108.11701
176.6475899,26.58457238,-108.4774802
177.899974,26.03925968,-108.3256277
179.1902646,25.24522446,-107.3772121
180.3484244,24.2659364,-105.4311102
180.904717,23.5535912,-102.5290294
180.8008199,23.04334339,-99.2786235
180.3450245,22.51565753,-96.33631451
180.224614,22.07565208,-93.73165406
180.8856275,21.79103088,-91.18755223
182.3634654,21.66073372,-88.46708786
184.05325,21.79465253,-86.62997821
186.0850985,22.49008261,-86.29746756
190.1065577,24.22347825,-86.48473004
195.0142361,26.338192,-86.4148362
198.4885056,27.61109973,-85.72254323
201.0078589,27.63168556,-84.60089001
203.0783057,26.73316686,-83.09336715
204.440825,25.86439778,-80.95744154
205.1093934,25.26609837,-78.48052316
205.173688,24.86472326,-76.17023243
204.5330018,24.67850773,-74.41590216
203.0644893,24.64767285,-73.16801797
200.7558463,24.58862157,-72.13465702
198.1200723,24.10861176,-71.71549647
195.3042457,22.63643017,-72.18427157
191.6924588,19.50663345,-73.19869692
188.2768137,15.15168899,-74.18537049
186.3395299,10.74382871,-74.83806063
184.5425014,7.570030521,-76.10869393
181.4281453,6.295035861,-78.61202356
176.4534654,6.715849025,-82.0776905
171.8472691,7.915428285,-85.06396407
169.0017161,9.264174905,-86.59334817
164.8170506,11.3775599,-87.85026699
158.5519959,13.59110058,-89.70431205
151.8013917,14.44742176,-92.37144324
145.3411265,14.4977032,-95.4387696
139.3261485,14.46086162,-98.66853519
133.3265287,14.33377227,-102.3254672
126.7101887,13.74154068,-106.0695278
119.7122284,12.50894899,-109.1523924
115.4151833,11.61046438,-110.7993894
113.1467159,10.95472129,-111.7870578
108.2492724,9.36392173,-114.0726288
101.3328088,7.934140125,-116.0374407
94.70486039,7.794792769,-115.787907
89.48374871,8.187811274,-113.925386
85.5371662,9.035834887,-110.3156667
82.14452299,10.65822335,-104.6551738
79.75297807,11.97639372,-99.45245773
78.86504477,12.37089272,-95.88933946
79.63369302,12.57588345,-92.16808031
82.6224336,14.36907733,-87.46639095
87.7066148,18.70457479,-82.12012055
92.15588554,22.74120523,-77.83717054
94.93734069,24.90863138,-75.11412365
97.10995885,25.71015374,-72.97442971
98.81034063,25.93281097,-70.66292135
99.73127278,25.8537683,-67.91966939
99.44842206,24.68086428,-65.24101194
97.5860709,22.61769106,-63.06475528
94.22481624,20.54949009,-61.61966838
91.06320294,18.80388072,-60.7220718
89.07658821,16.99518924,-59.81192175
87.74478656,14.15529171,-58.10459655
86.97648265,11.00116181,-56.09936049
86.96769529,8.588029977,-54.54421792
87.92310636,6.537992201,-53.11037218
89.42464246,4.586544044,-51.93249261
90.81752617,2.860614041,-51.61107375
93.4581813,1.767515079,-51.88823529
97.75646677,1.489015759,-52.37741111
101.2769188,1.640465687,-52.99256291
103.6527527,2.005529315,-53.390339
105.8508165,2.610201322,-53.18738313
107.8092158,3.792410157,-52.57247307
109.2476468,5.666544808,-51.64434324
109.9439757,7.903369289,-50.27135947
109.8718647,9.6534041,-48.74435516
108.9286029,10.35505972,-47.38152988
106.6167598,10.71259021,-46.0584838
102.7658834,11.1264279,-44.63334204
97.76195212,11.56491826,-43.04767543
93.04082659,12.07464671,-41.43630533
89.53133348,12.62407801,-39.84763033
86.78727898,13.01201574,-38.08255579
84.90018142,13.19612585,-35.97610535
84.24061756,13.28313688,-33.40437226
84.6819679,13.47797231,-30.26281021
85.98386825,12.99448303,-26.61517444
87.87070938,10.2391213,-22.75274892
89.87291165,6.453656755,-19.19217107
91.67522495,3.605868,-16.09006063
93.48964039,2.371865976,-12.64121618
95.23231779,2.265509107,-9.284715148
96.53749249,2.210163152,-7.249509997
97.17583796,2.222267099,-6.037368154
97.11113664,2.493166239,-4.902386601
96.5035895,2.952048595,-3.625552724
95.09371196,3.334445651,-3.002783145
92.70641178,3.388982916,-3.922506189
90.20576371,3.224322129,-5.797672114
87.70856067,3.129843765,-8.409503001
84.45653456,3.421041758,-12.11070564
80.87637864,3.785963988,-16.20664123
77.06897831,3.966562735,-19.74324548
71.51585129,4.408170694,-22.21159147
64.66495297,6.302287123,-24.16264478
58.09512474,10.70404158,-26.50605693
50.93810501,15.87508172,-28.32164645
43.21209255,20.5990923,-29.13153138
36.89875404,25.36410338,-29.68439657
30.84796278,28.93982836,-29.2090622
23.68546854,29.62181919,-26.70008142
18.49288063,27.27517407,-23.01476624
16.25873285,22.02104592,-18.66320903
15.06454252,14.3851058,-13.62503006
13.57625413,7.496838851,-8.952159077
11.46860113,3.693254752,-5.571838031
9.804940837,1.870862383,-3.293300715
8.75192216,1.300092136,-1.061055511
