-12.98580955,125.0386003,-11.73995275
-12.36810477,124.9910015,-14.19164373
-11.34133294,124.7710394,-17.71203257
-10.05780452,124.2629655,-21.16112635
-8.669829948,123.3510313,-23.39893214
-7.317489794,121.974813,-23.58689676
-6.091945113,120.295186,-22.09222599
-5.072127079,118.5283502,-19.58356537
-4.336966868,116.8905057,-16.72956041
-3.946179744,115.5360519,-14.05581559
-3.882617325,114.3721857,-11.51577115
-4.109915317,113.2443037,-8.91982625
-4.591709427,111.9978022,-6.078380081
-5.261748033,110.5352881,-2.878572236
-5.934230188,108.9882101,0.4854960138
-6.393467615,107.5452272,3.742982975
-6.42377204,106.3949985,6.623046957
-5.888139168,105.7010249,8.864840154
-4.964300636,105.526174,10.2474903
-3.908672065,105.9081548,10.56011902
-2.977669075,106.8846767,9.591847943
-2.326852694,108.4024937,7.277010076
-1.708365581,110.0445387,4.130784017
-0.7734958054,111.3027898,0.8135597543
0.8264685654,111.6692247,-2.014272725
3.281421179,110.8735458,-3.821858369
6.14598255,109.5963533,-4.596481884
8.815954905,108.7559721,-4.454962908
10.68714048,109.2707268,-3.514121086
11.36286954,111.6805917,-1.929322849
11.2765846,115.012139,-0.01012179957
11.06925619,117.9135904,1.895381669
11.38185487,119.0331675,3.439087162
12.66771745,117.454279,4.332091764
14.62964579,114.0010813,4.522282459
16.78280804,109.9329175,4.016743712
18.64237235,106.5091311,2.822559983
19.80222968,104.6964194,0.9952415548
20.17116237,104.290897,-1.215998021
19.7366756,104.7960324,-3.513519371
18.48627454,105.7152943,-5.599683126
16.46360916,106.6712084,-7.264062624
13.93690861,107.7625292,-8.645082046
11.23054682,109.207068,-9.968378283
8.668897751,111.2226364,-11.45958823
6.540728252,113.9098176,-13.27603301
4.992376876,116.9002815,-15.30177078
4.134575096,119.7084699,-17.35254391
4.078054381,121.8488245,-19.24409478
4.877791626,122.9362829,-20.83266954
6.365745419,122.9877657,-22.13652933
8.31811977,122.1206892,-23.21443908
10.51111869,120.4524699,-24.1251637
12.68645919,118.1206123,-24.92542919
14.44791029,115.3429739,-25.66380586
15.36475401,112.3575001,-26.3868251
15.00627237,109.4021365,-27.1410183
13.14627109,106.6868255,-27.97816488
10.37665071,104.3094972,-28.97103642
7.493835472,102.3400785,-30.19765249
5.294249612,100.8484964,-31.7360327
4.397310133,99.90541176,-33.61281156
4.71440507,99.58442183,-35.64908338
5.97991522,99.95985771,-37.61455735
7.928221377,101.1060506,-39.27894272
10.31043997,103.0195423,-40.45183447
12.94462996,105.3857178,-41.10237082
15.66558595,107.8121727,-41.23957574
18.30810254,109.9065028,-40.87247322
20.70761441,111.3783621,-39.99038181
22.70211665,112.3456387,-38.50379834
24.13024445,113.0282789,-36.3035142
24.83063298,113.6462292,-33.28032078
24.75171738,114.3602994,-29.46722469
24.28113256,115.0947523,-25.46609339
23.91631338,115.7147144,-22.02100952
24.15469471,116.0853119,-19.87605575
25.33291372,116.0947433,-19.56949608
27.14441694,115.7234966,-20.81631988
29.12185318,114.975132,-23.12569787
30.79787128,113.8532096,-26.00680075
31.81127917,112.3995202,-29.04427905
32.22552114,110.8087761,-32.12470254
32.21020057,109.3139201,-35.21012081
31.93492087,108.147895,-38.26258342
31.51023568,107.4948195,-41.22040961
30.8104997,107.3435159,-43.92699715
29.65101788,107.6339824,-46.20201349
27.84709517,108.3062175,-47.86512605
25.29228592,109.3001047,-48.81183042
22.19314194,110.5550696,-49.24093475
18.83446442,112.0104229,-49.42707537
15.50105455,113.6054756,-49.64488858
12.41947724,115.2720646,-50.0768383
9.583352189,116.9121301,-50.53669872
6.928062824,118.4201384,-50.74607165
4.38899256,119.6905558,-50.42655889
1.932345756,120.5985328,-49.38042393
-0.3523894654,120.9419572,-47.73257702
-2.344904043,120.4994007,-45.68859011
-3.924888914,119.0494355,-43.45403517
-5.051471603,116.5223071,-41.23446248
-6.001525984,113.4549567,-39.23533569
-7.131362517,110.5359993,-37.6620968
-8.797291662,108.4540498,-36.72018779
-11.24630887,107.6982871,-36.51214087
-14.28814953,107.960147,-36.72884912
-17.62323403,108.7316288,-36.95829583
-20.95198275,109.5047324,-36.78846431
-24.01886935,109.8569443,-35.91026508
-26.74458064,109.7076992,-34.42631759
-29.09385671,109.061919,-32.5421685
-31.03143765,107.9245254,-30.4633645
-32.53585236,106.3417562,-28.3451651
-33.64078499,104.5251132,-26.14168111
-34.39370851,102.7274141,-23.75673621
-34.8420959,101.2014767,-21.09415406
-35.05249963,100.1520709,-18.09695423
-35.1677902,99.59177503,-14.86493991
-35.34991761,99.48511949,-11.53711022
-35.76083187,99.79663473,-8.252464265
-36.46597552,100.5034986,-5.150786563
-37.14476129,101.6334789,-2.375003279
-37.38009444,103.2269907,-0.06882598595
-36.75488024,105.3244492,1.624033741
-35.02029546,107.901102,2.577871553
-32.60060288,110.6715265,2.73901201
-30.08833678,113.2851326,2.071786896
-28.07603147,115.3913301,0.5405279952
-26.99191431,116.7592089,-1.827250626
-26.60698505,117.6365797,-4.751305775
-26.52793651,118.3909334,-7.888211978
-26.36146152,119.3897608,-10.89454376
-25.80714175,120.8552251,-13.43703126
-24.93611423,122.4281787,-15.22302702
-23.9124048,123.6041466,-15.9700392
-22.90003933,123.8786535,-15.39557595
-22.04013172,122.911902,-13.35936511
-21.38214809,121.022805,-10.29001315
-20.95264259,118.6949532,-6.758346207
-20.7781694,116.4119371,-3.335190433
-20.86505516,114.5684091,-0.4463385546
-21.13871653,113.2032685,2.062550359
-21.50434269,112.2664764,4.490850655
-21.86712279,111.7079937,7.137936678
-22.19638879,111.4990181,10.18880386
-22.71804389,111.6956937,13.37093195
-23.72213406,112.3754014,16.29742179
-25.4987053,113.6155217,18.58137421
-28.1860805,115.4263788,19.96823627
-31.31569013,117.5500704,20.73283986
-34.26724157,119.6616376,21.28236311
-36.42044219,121.4361214,22.02398413
-37.28158884,122.6322634,23.26345735
-36.86333622,123.3436066,24.90084237
-35.3049285,123.7473944,26.7347751
-32.74560985,124.0208703,28.56389147
-29.37521842,124.2920869,30.1772033
-25.58596832,124.4923328,31.32522617
-21.82066763,124.5037058,31.74885156
-18.52212445,124.2083036,31.18897098
-16.01790885,123.5429136,29.52734346
-14.17463883,122.6630818,27.20919829
-12.74369438,121.7790439,24.82063231
-11.47645549,121.1010354,22.94774235
-10.19448009,120.7640128,22.08621761
-9.000037822,120.6018157,22.37011679
-8.065576276,120.3730045,23.84309096
-7.563543037,119.8361396,26.54879116
-7.567090049,118.8296288,30.39280538
-7.752186685,117.5112696,34.72846923
-7.695506677,116.1187069,38.77105522
-6.973723756,114.8895855,41.73583588
-5.335455361,113.9826352,43.03310835
-3.217093749,113.2409252,42.85326824
-1.226974887,112.4286095,41.58173579
0.0265652605,111.3098423,39.60393123
0.1420556182,109.724092,37.25266826
-0.4545153313,107.8120842,34.65033441
-1.130294216,105.7898592,31.86671067
-1.252427662,103.873457,28.97157803
-0.369612816,102.2853743,26.11201538
1.243251107,101.2739339,23.7442931
3.129714375,101.0939152,22.40197949
4.833327254,102.0000976,22.61864283
6.012533214,104.0782541,24.63865542
6.785348525,106.7381319,27.54960565
7.384682663,109.2204719,30.1498859
8.043445102,110.766015,31.23788858
8.947453504,110.8543067,30.04407676
10.09415829,109.9201118,27.5271963
11.43391806,108.6369997,25.07806372
12.91709143,107.67854,24.08749558
14.4973772,107.5201181,25.48557568
16.14183495,107.8443833,28.35945701
17.82086444,108.1358009,31.33555981
19.50486545,107.8788362,33.04030435
21.14512396,106.7560162,32.46550479
22.61647083,105.2421156,30.06455088
23.77462313,104.0099707,26.65622629
24.47529792,103.7324178,23.05931468
24.67525863,104.8677832,19.95414492
24.73545405,107.0163526,17.46722666
25.11787933,109.5639015,15.58661474
26.28452962,111.8962053,14.30036402
28.53073661,113.4810421,13.5737792
31.48517809,114.1141993,13.28116445
34.60986839,113.6734667,13.27407375
37.36682186,112.0366341,13.40406113
39.37429909,109.218051,13.53112915
40.87554583,105.7783043,13.54907462
42.27005408,102.4145406,13.36014288
43.95731584,99.82390646,12.8665793
46.20337971,98.54213915,11.9874121
48.7405206,98.45933939,10.70880086
51.16757001,99.3041987,9.033688049
53.08335942,100.8054086,6.965016108
54.18801602,102.7002672,4.528683794
54.58684972,104.7604988,1.84241507
54.48646616,106.7664346,-0.9531097962
54.09347092,108.4984054,-3.71721054
53.5707962,109.8305914,-6.336942314
52.90668041,111.0125688,-8.810301954
52.04568855,112.387763,-11.16302172
50.9323856,114.2995994,-13.42083386
49.59105937,116.9309423,-15.60922824
48.36488893,119.8224113,-17.75272514
47.67677616,122.354065,-19.87560244
47.94962295,123.905962,-22.00213801
49.40422222,124.019057,-24.12924888
51.45293113,122.8778887,-26.14440856
53.30599786,120.8278921,-27.90772969
54.17367063,118.2145019,-29.27932493
53.52317146,115.3436855,-30.19268035
51.84961778,112.3635405,-30.87477568
49.90510086,109.3826968,-31.62596409
48.44171195,106.5097844,-32.74659874
48.01387026,103.8863277,-34.44715382
48.38530671,101.7854282,-36.57858759
49.12208015,100.5130815,-38.90197937
49.79024944,100.3752834,-41.17840845
50.03371528,101.560581,-43.21273991
49.80774582,103.7877261,-44.98498197
49.14545103,106.6580219,-46.51892863
48.0799409,109.7727716,-47.8383739
46.68465087,112.792537,-48.99615486
45.19431821,115.6149141,-50.16128098
43.88400567,118.1967577,-51.53180481
43.02877596,120.4949224,-53.30577891
42.80721281,122.455559,-55.62239643
43.01198376,123.9820017,-58.38541285
43.33927738,124.9668807,-61.43972426
43.48528219,125.3028261,-64.63022675
43.25262645,124.9443945,-67.83009188
42.86969729,124.0938477,-71.02559319
42.67132153,123.015374,-74.23127971
42.992326,121.9731616,-77.46170046
44.04760392,121.1589504,-80.63928056
45.57231391,120.4746869,-83.31794942
47.18168098,119.7498692,-84.95951255
48.49093012,118.8139957,-85.02577543
49.22996352,117.5559272,-83.19930178
49.58739208,116.1019761,-80.04568809
49.86650388,114.6378174,-76.35128909
50.37058699,113.3491262,-72.90245947
51.32459067,112.345541,-70.3593424
52.64010892,111.4325538,-68.87723483
54.1503969,110.3396199,-68.48522215
55.68870979,108.7961948,-69.21238978
57.08843577,106.6625479,-71.02299306
58.18349502,104.3222043,-73.62196725
58.80794075,102.2895031,-76.64941753
58.79582615,101.0787835,-79.7454491
58.04918314,101.0700765,-82.60094657
56.74195859,102.1061804,-85.10991211
55.11607809,103.8955852,-87.2171273
53.41346722,106.1467812,-88.86737373
51.79615393,108.5907552,-90.0216523
50.10657549,111.0484814,-90.70584123
48.10727155,113.3634308,-90.96203808
45.56078175,115.3790742,-90.8323404
42.35145651,116.9883076,-90.41430692
38.85088941,118.281727,-90.02734114
35.5524848,119.3993534,-90.04630774
32.94964705,120.4812078,-90.84607139
31.44630832,121.6243896,-92.64525775
31.08851198,122.7543117,-95.03753627
31.83282919,123.7534656,-97.46033738
33.63583113,124.5043426,-99.35109151
36.40036501,124.9082526,-100.3056664
39.81438224,124.9417794,-100.5536789
43.51211028,124.6003253,-100.4831834
47.12777661,123.8792927,-100.4822339
50.3668399,122.8047187,-100.8044983
53.21968368,121.5251802,-101.1660981
55.7479227,120.2198885,-101.1487682
58.01317171,119.0680554,-100.3342435
60.05840429,118.196656,-98.437556
61.85202945,117.5237194,-95.70692511
63.34381502,116.9150387,-92.52386721
64.48352884,116.2364064,-89.26989865
65.24363755,115.3878618,-86.23954955
65.68740289,114.4064283,-83.37940503
65.90078539,113.363376,-80.54906394
65.96974559,112.3299745,-77.60812514
65.97378505,111.3497988,-74.46436391
65.96656948,110.3556439,-71.21826129
65.99530563,109.2526101,-68.01847473
66.10720023,107.9457974,-65.01366169
66.30211467,106.3746109,-62.30583085
66.39052885,104.615675,-59.81039588
66.1355773,102.7799191,-57.39612169
65.30039456,100.9782725,-54.93177317
63.79028312,99.34764066,-52.33862441
62.0792173,98.12883306,-49.74798626
60.78333938,97.58863526,-47.34367876
60.51879164,97.9938328,-45.30952196
61.70986199,99.4714355,-43.81500325
64.01342093,101.5893502,-42.9722796
66.8944846,103.775708,-42.87917532
69.81806913,105.4586401,-43.63351472
72.33548327,106.2391588,-45.2728359
74.34320617,106.409802,-47.59353209
75.82400957,106.4359887,-50.33171028
76.76066524,106.7831381,-53.22347745
77.15562611,107.7931937,-56.05659545
77.09006989,109.3141966,-58.82544551
76.66485546,111.0707127,-61.57606369
75.98084171,112.7873074,-64.35448608
75.1358828,114.2170508,-67.20075154
74.21581407,115.22703,-70.13091012
73.30346611,115.7128363,-73.15501463
72.48166954,115.5700611,-76.28311792
71.85281109,114.7985456,-79.48899216
71.59750202,113.8151302,-82.60128687
71.91590972,113.140905,-85.41237092
73.00820158,113.2969602,-87.71461315
74.95180496,114.6260229,-89.30427582
77.33318719,116.7573681,-89.99319464
79.61607556,119.1419079,-89.59709874
81.26419737,121.2305544,-87.93171721
81.92850563,122.6010752,-84.98508327
82.00885618,123.33866,-81.43444665
82.09233054,123.6553541,-78.12936116
82.76601025,123.7632027,-75.91938064
84.42393897,123.8320699,-75.44952122
86.68800881,123.863094,-76.54664831
88.98707402,123.8152322,-78.83308965
90.74998884,123.6474416,-81.93117296
91.52411588,123.3360733,-85.46060118
91.33085137,122.9270546,-89.03057806
90.31009989,122.4837065,-92.24768258
88.60176607,122.0693503,-94.71849369
86.35293283,121.7043965,-96.17627133
83.73939648,121.2376128,-96.86099928
80.94413166,120.4748562,-97.13934228
78.15011302,119.2219838,-97.37796509
75.53115971,117.352481,-97.88760541
73.22446895,115.010347,-98.75529288
71.35808245,112.4072096,-100.0121301
70.06004195,109.7546963,-101.6892196
69.44753849,107.2569468,-103.7667559
69.59436046,105.0881483,-106.0213006
70.56344559,103.4149998,-108.1785071
72.41773159,102.4042005,-109.9640289
75.14281558,102.1708248,-111.1771424
78.41493221,102.6234479,-111.9116161
81.83297552,103.6190201,-112.3348412
84.99583955,105.0144919,-112.6142092
87.60566142,106.6921266,-112.8932961
89.77755051,108.6354396,-113.2204172
91.72985925,110.8532591,-113.6200724
93.6809401,113.3544133,-114.1167616
95.79440795,116.0617768,-114.6866919
98.0149275,118.5544096,-115.1128986
100.2324259,120.3254179,-115.1301241
102.3368303,120.8679081,-114.4731106
104.1959125,119.8651771,-112.9680274
105.5888228,117.7612849,-110.8067514
106.2725562,115.190482,-108.2725864
106.0041078,112.7870192,-105.6488361
104.7011367,111.0700548,-103.1536773
102.9239595,110.0983786,-100.7447793
101.393557,109.8156882,-98.3146845
100.8309098,110.1656813,-95.7559351
101.6947396,111.0316008,-92.99770131
103.3947306,112.0548717,-90.11566457
105.0783077,112.8164643,-87.22213418
105.892896,112.8973488,-84.42941943
105.2756752,111.9966259,-81.82417393
103.8228443,110.2859182,-79.39042855
102.4203567,108.0549783,-77.08655849
101.9541663,105.593559,-74.87093895
103.0069118,103.1818128,-72.71560994
104.9479731,101.0614901,-70.64727079
106.8434154,99.46474095,-68.70628563
107.7593037,98.62371549,-66.93301861
107.0224861,98.70135769,-65.374971
105.0029427,99.58378709,-64.10819268
102.3314366,101.0879172,-63.21587064
99.6387309,103.0306614,-62.78119188
97.41903251,105.2595944,-62.81568589
95.62032426,107.7449361,-63.04425207
94.05403286,110.4875675,-63.12013235
92.53158506,113.4883696,-62.69656861
90.95602437,116.6727454,-61.54039179
89.59686158,119.6641856,-59.87278898
88.81522428,122.0107029,-58.02853628
88.97224004,123.2603098,-56.3424098
90.30706634,123.1095235,-55.08402386
92.57098013,121.8488784,-54.26234558
95.39328826,119.9174137,-53.82118031
98.40329757,117.7541682,-53.70433337
101.2921291,115.7318399,-53.81607403
103.998161,113.9577624,-53.90252732
106.5215855,112.4729281,-53.67028219
108.8625948,111.3183296,-52.8259276
110.9688536,110.4795904,-51.19063792
112.577916,109.720858,-49.0439293
113.3748083,108.7509108,-46.77990327
113.0445568,107.2785274,-44.7926614
111.396765,105.1567553,-43.38279721
108.7393438,102.8157181,-42.47687209
105.5047813,100.8298085,-41.90793942
102.1255655,99.77341889,-41.50905255
98.96236245,100.0535036,-41.13671108
96.08854994,101.4072632,-40.74119953
93.50568383,103.4044597,-40.29624864
91.21531998,105.6148554,-39.77558916
89.19038264,107.7031891,-39.15898718
87.28926973,109.7141062,-38.45035019
85.34174758,111.7872288,-37.65962103
83.17758254,114.0621793,-36.79674255
80.69447906,116.601678,-35.8552736
78.06189408,119.1608386,-34.76323714
75.51722269,121.4178733,-33.43227216
73.29785994,123.0509941,-31.77401763
71.60185736,123.8279961,-29.74048325
70.46989218,123.8750064,-27.4451615
69.90329808,123.4077356,-25.04191561
69.90340876,122.6418937,-22.68460876
70.40855445,121.7368794,-20.49848434
71.10505169,120.6268443,-18.49430633
71.61621357,119.1896284,-16.65421889
71.56535319,117.3030716,-14.96036617
70.72322189,114.9245169,-13.36650691
69.45032403,112.3293192,-11.71285813
68.25460223,109.8723364,-9.811251413
67.64399909,107.9084265,-7.473518355
67.97079381,106.7264383,-4.588796208
68.96461191,106.351184,-1.35544486
70.19941548,106.7414668,1.95087014
71.24916663,107.8560899,5.054483245
71.79721339,109.6132498,7.756604239
71.96444754,111.7687168,10.16594424
71.98114682,114.0376547,12.46808971
72.07758893,116.1352271,14.84862709
72.41112609,117.8013091,17.45138421
72.84740839,118.8746212,20.25315435
73.17916043,119.2185955,23.18897217
73.1991068,118.6966637,26.19387233
72.73053423,117.2764937,29.18246238
71.71897811,115.3426966,31.98764151
70.14053597,113.384119,34.4218818
67.97130533,111.889608,36.29765533
65.23786827,111.1859815,37.50581969
62.16874495,110.9519413,38.25077449
59.04294009,110.7041605,38.81530486
56.13945841,109.9593121,39.48219592
53.65700551,108.3740386,40.44706136
51.47309052,106.1648597,41.55682919
49.38492349,103.6882649,42.57125596
47.18971444,101.3007435,43.25009827
44.76834001,99.34146812,43.39458477
42.33634324,98.08034518,42.97183253
40.19293377,97.76996445,41.99043067
38.63732125,98.66291571,40.45896835
37.90807173,100.8672098,38.44958754
38.00117683,103.9125416,36.2886415
38.85198459,107.1840272,34.36603632
40.39584304,110.0667825,33.07167807
42.51546829,112.076563,32.7159611
44.88304883,113.2516825,33.29123277
47.11814121,113.7610942,34.71032871
48.84030199,113.7737514,36.88608454
49.76928563,113.4407322,39.70610629
50.02563818,112.8416154,42.95708169
49.83010358,112.0381046,46.40046885
49.40342579,111.0919035,49.79772591
48.9626693,110.0307852,52.93131719
48.71018075,108.7468007,55.66773181
48.84462731,107.0980702,57.89446507
49.56467616,104.9427141,59.49901228
51.00729661,102.2597354,60.4286279
53.06266647,99.51166753,60.86960307
55.55926564,97.28192667,61.06798809
58.32557407,96.15392895,61.26983324
61.20551907,96.52517018,61.64498479
64.10481754,98.04946499,62.05847294
66.94463376,100.1947077,62.29912382
69.64613201,102.4287926,62.1557636
72.14310296,104.3437397,61.4734427
74.41984271,106.0280717,60.32210862
76.47327371,107.6944371,58.82793311
78.30031843,109.5554844,57.11708795
79.89502728,111.7479559,55.28672385
81.2399624,114.10497,53.31790746
82.31481387,116.3837391,51.16268437
83.09927177,118.3414754,48.77310017
83.58601329,119.8025336,46.11747619
83.81966396,120.8598382,43.2292366
83.85783644,121.673456,40.15808128
83.75814338,122.4034539,36.95371012
83.57578854,123.1408837,33.67123917
83.35634022,123.7007369,30.38744913
83.14295783,123.8289902,27.18453686
82.97880081,123.2716201,24.14469921
82.89256263,121.8767938,21.32701824
82.85507303,119.901441,18.69811679
82.82269577,117.704682,16.20150291
82.75179467,115.645637,13.78068463
82.61890655,114.0086898,11.36644244
82.48126047,112.7792775,8.838646538
82.41625852,111.8681005,6.064439596
82.5013028,111.1858596,2.910964268
82.81506134,110.6186755,-0.6357794523
83.44126579,109.9543508,-4.114362225
84.46491375,108.9561083,-6.944497373
85.97100279,107.387171,-8.545898218
87.96000633,105.1616076,-8.52423345
90.0943011,102.7968703,-7.228993228
91.95173968,100.9612573,-5.195623077
93.11017462,100.3230666,-2.959568524
93.29916733,101.3435675,-0.9276328075
92.85511453,103.6559132,1.007949977
92.26612181,106.6862281,3.083588019
92.02029472,109.8606364,5.53568951
92.48054738,112.6625645,8.464902074
93.50902809,114.8046462,11.42883107
94.8426937,116.0568175,13.84932128
96.21850104,116.1890142,15.1482175
97.41143554,115.113278,14.91030663
98.34859687,113.3100729,13.37214404
98.99511327,111.4019686,10.93322721
99.31611299,110.011535,7.993053609
99.30070103,109.6091893,4.895904327
99.03388941,110.0567393,1.765194852
98.62466691,111.0638407,-1.330875724
98.1820223,112.3401487,-4.324108306
97.7820643,113.629533,-7.169639246
97.36938143,114.8127193,-9.915946665
96.85568218,115.8046476,-12.63484413
96.15267501,116.5202576,-15.3981452
95.20272191,116.900038,-18.26424583
94.07079897,116.986672,-21.23787143
92.85253575,116.8483915,-24.31032982
91.64356186,116.5534283,-27.4729288
90.54956675,116.1633952,-30.70667148
89.71647939,115.7134279,-33.95134222
89.30028862,115.232043,-37.13642069
89.45698329,114.7477572,-40.19138655
90.28485159,114.325395,-43.01220833
91.65137921,114.1750129,-45.36080996
93.36635121,114.5429753,-46.96560422
95.23955263,115.6756468,-47.55500389
97.0773397,117.690183,-46.94341171
98.67235336,120.1869044,-45.28919016
99.81380572,122.6369228,-42.83669168
100.2909089,124.5113499,-39.83026871
100.0197623,125.4111421,-36.51334905
99.42401453,125.4566346,-33.12566201
99.05420158,124.8980069,-29.90601229
99.46085939,123.9854388,-27.09320455
101.0334059,122.9366101,-24.89804646
103.5167869,121.8392007,-23.41935749
106.4948304,120.7483905,-22.72796011
109.5513642,119.7193596,-22.89467678
112.3305765,118.7906418,-23.94780512
114.7180965,117.934188,-25.74554346
116.6599136,117.1053026,-28.10356532
118.1020173,116.2592904,-30.83754421
119.0218907,115.3652301,-33.78281764
119.5229906,114.4472972,-36.85337916
119.7402674,113.5434411,-39.98288636
119.8086715,112.6916115,-43.10499677
119.8359008,111.9181483,-46.17328527
119.8206439,111.2029544,-49.22099582
119.7343367,110.5143228,-52.30128972
119.5484151,109.8205469,-55.46732822
119.2428269,109.1411662,-58.73809411
118.831566,108.7007061,-61.99585617
118.3371378,108.7749381,-65.08870469
117.782048,109.639634,-67.86472996
117.2027983,111.4494347,-70.23548981
116.6918754,113.8744579,-72.36641222
116.3557624,116.4636909,-74.48639273
116.3009424,118.7661208,-76.82432685
116.5738823,120.4312911,-79.54716245
116.980986,121.5109719,-82.5740567
117.2686411,122.1574896,-85.76221912
117.1832355,122.5231706,-88.96885924
116.5611094,122.7286111,-92.08514621
115.5984125,122.767486,-95.1380878
114.581247,122.60174,-98.18865139
113.795715,122.1933178,-101.2978044
113.4695972,121.5075987,-104.4884687
113.5973893,120.5237004,-107.6313843
114.1152654,119.2241754,-110.5592456
114.9593997,117.5915764,-113.104747
116.0619084,115.6411173,-115.0739771
117.3386762,113.5186588,-116.1666
118.7015298,111.4027233,-116.055674
120.0622958,109.4718332,-114.4142572
121.344099,107.9037682,-111.1632126
122.5152558,106.8733389,-107.2146218
123.5553806,106.5546132,-103.7283711
124.4440878,107.1216591,-101.8643468
125.1885141,108.6225593,-102.4311544
125.9058851,110.6014557,-104.8322762
126.7409485,112.4765047,-108.1199137
127.8384521,113.6658628,-111.3462681
129.2848087,113.7749528,-113.7183805
130.9330918,113.1582614,-115.0626488
132.5780398,112.3575419,-115.3603107
134.0143914,111.9145472,-114.5926034
135.0780797,112.2496538,-112.7850808
135.769817,113.2977306,-110.1405614
136.1315102,114.87227,-106.90618
136.2050665,116.7867644,-103.3290712
136.0770955,118.8488103,-99.6675143
136.0130186,120.8424207,-96.22436628
136.3229598,122.5457132,-93.31362857
137.3170433,123.7368051,-91.24930261
139.1527505,124.2660099,-90.28402755
141.376993,124.2724258,-90.42499353
143.3840395,123.9673472,-91.6180284
144.5681589,123.5620685,-93.80896001
144.5331074,123.1873767,-96.8811576
143.7205913,122.6520291,-100.4681559
142.781804,121.6842759,-104.1410309
142.3679391,120.0123669,-107.4708587
142.946858,117.5212953,-110.0815142
144.253094,114.7230273,-111.808067
145.8378481,112.2862723,-112.5383857
147.2523215,110.8797394,-112.1603386
148.160916,110.9690803,-110.6384881
148.6808364,112.2077154,-108.244172
149.0424885,114.0460075,-105.3254221
149.4762777,115.9343193,-102.23027
150.1606945,117.4093005,-99.33182917
151.0665677,118.3527485,-97.10353967
152.1128111,118.7327478,-96.04392326
153.2183382,118.5173828,-96.6515017
154.3128803,117.7351626,-99.1292702
155.3694387,116.6562954,-102.4981177
156.3718322,115.611414,-105.4834065
157.3038798,114.9311512,-106.810499
158.1662124,114.8744984,-105.6326485
159.026709,115.4138816,-102.8146718
159.9700606,116.4500855,-99.64927654
161.0809585,117.8838944,-97.42917038
162.3902977,119.5782659,-97.13591829
163.7137904,121.2448487,-98.50651423
164.8133526,122.5574643,-100.9668095
165.4509003,123.1899342,-103.9426552
165.5114278,122.9058717,-106.9358878
165.3722406,121.8280568,-109.7522841
165.5337226,120.1690612,-112.2736062
166.4962572,118.1414566,-114.3816161
168.5642284,115.9906379,-115.9502843
171.2580201,114.0932923,-116.8224163
173.9020165,112.8589303,-116.833026
175.8206017,112.6970622,-115.8171275
176.5329524,113.8536153,-113.7044948
176.3374151,115.9201846,-110.8039429
175.7271288,118.3247821,-107.5190465
175.1952328,120.4954197,-104.2533807
175.1207409,121.990923,-101.3076875
175.4261668,122.8933728,-98.57137772
175.9198989,123.4156637,-95.83102949
176.4103257,123.77069,-92.87322079
176.6979335,124.10052,-89.59533561
176.5515987,124.2639168,-86.33798165
175.7322955,124.0488173,-83.55257254
174.0009982,123.2431582,-81.69052192
171.2449591,121.737885,-81.02872
167.8565427,119.8359766,-81.14596323
164.3543919,117.9434206,-81.44652465
161.2571493,116.4662044,-81.33467728
159.0208688,115.685398,-80.38521621
157.851249,115.3824006,-78.85502473
157.8913995,115.2136941,-77.17150817
159.2844299,114.8357601,-75.76207186
162.0477898,114.0440788,-74.95032138
165.6962876,113.1901234,-74.64466316
169.6190715,112.7643658,-74.64970388
173.2052897,113.2572776,-74.77005019
175.9813049,114.9757579,-74.88805995
178.0223382,117.4924146,-75.19709568
179.5408251,120.1962828,-75.96827107
180.7492011,122.4763978,-77.47269982
181.8009251,123.8245049,-79.86819777
182.6135491,124.1431898,-82.85938933
183.0456487,123.4377485,-86.03760108
182.9557992,121.7134769,-88.99415957
182.2941537,119.0598552,-91.42206312
181.377175,115.9031013,-93.42099704
180.6129036,112.7536172,-95.19231837
180.4093802,110.1218051,-96.93738419
181.0610933,108.3860007,-98.74668451
182.4083251,107.3962742,-100.2672413
184.1778056,106.8706292,-101.0352096
186.0962652,106.5270694,-100.5867443
187.930314,106.1135392,-98.70058939
189.6060822,105.4977458,-96.12584443
191.08958,104.5773369,-93.85419805
192.3468177,103.2499605,-92.87733884
193.335834,101.5321132,-93.89480001
193.9827836,99.91568802,-96.43749323
194.2058494,99.01142689,-99.74417481
193.9232148,99.43007172,-103.053601
193.1484236,101.5266669,-105.7587328
192.2764621,104.6334666,-107.8693491
191.7976774,107.8270276,-109.5494337
192.2024166,110.1839066,-110.9629701
193.7963864,111.0399343,-112.1814661
196.146733,110.7680382,-112.9065253
198.635962,110.0004199,-112.7472756
200.6465791,109.3692809,-111.3128446
201.7429063,109.3325518,-108.4019812
202.2165296,109.6510785,-104.5719182
202.5408512,109.9114361,-100.5695093
203.1892733,109.7001995,-97.14160844
204.4335737,108.7737353,-94.8395759
205.7390324,107.5675762,-93.4327981
206.3693048,106.6870466,-92.49516795
205.5880466,106.7374707,-91.60057833
202.9822977,108.1047086,-90.41228484
199.4326363,110.2967641,-88.9509937
196.1430249,112.6021765,-87.3267738
194.3174261,114.3094854,-85.64969403
194.7978013,114.8992458,-84.02077532
196.978108,114.6200763,-82.50484677
199.8903025,113.9126109,-81.1576895
202.5663413,113.2174838,-80.03508463
204.2190287,112.9173835,-79.15661046
204.784561,113.1632163,-78.3970339
204.3799828,114.0479431,-77.59491906
203.1223385,115.6645247,-76.58883002
201.2292147,117.98619,-75.28355503
199.3203679,120.5072406,-73.8487789
198.1160967,122.6022461,-72.52041063
198.3366996,123.6457762,-71.53435918
200.4215272,123.1949497,-71.02946647
203.6861362,121.5370813,-70.75630619
207.1651354,119.1420351,-70.36838494
209.8931331,116.4796748,-69.51920934
211.1172166,113.9526783,-67.98414623
210.9343861,111.694979,-66.02600327
209.6541208,109.7733245,-64.02944832
207.5858996,108.254462,-62.37914926
205.0225495,107.2173316,-61.3657294
202.1902911,106.7896434,-60.90363388
199.2986928,107.1113,-60.81326323
196.5573233,108.3222042,-60.91501802
194.1056138,110.4561115,-61.05546823
191.8024453,113.1221894,-61.18586154
189.4365616,115.8234584,-61.28361503
186.7967062,118.0629388,-61.32614581
183.7445863,119.4721397,-61.31041632
180.4337618,120.1965241,-61.31157046
177.0907561,120.5100435,-61.42429744
173.9420925,120.6866496,-61.74328652
171.131531,120.9163877,-62.29322428
168.4717769,121.0536781,-62.81878673
165.6927725,120.8690346,-62.99464723
162.5244598,120.1329713,-62.49547915
158.8765635,118.74136,-61.1320368
155.3779395,117.0915039,-59.2593983
152.8372262,115.7060644,-57.36872273
152.0630622,115.1077025,-55.95116917
153.5597326,115.6393682,-55.35438408
156.6141099,116.9251664,-55.3519634
160.2087134,118.4094909,-55.57399047
163.3260621,119.5367354,-55.65054862
165.1493677,119.8730821,-55.29815545
165.6646115,119.4718664,-54.57906563
165.0584669,118.5082124,-53.64196809
163.5176077,117.157244,-52.63555177
161.2905276,115.6039081,-51.63980784
158.8730017,114.0724439,-50.4599364
156.8226251,112.7969135,-48.83243979
155.6969931,112.0113791,-46.49382034
155.8858518,111.8866522,-43.3348275
157.1075518,112.340543,-39.86319904
158.9125947,113.2276109,-36.74091988
160.8514821,114.4024156,-34.62997491
162.5555954,115.7367318,-34.03221578
163.979836,117.1711953,-34.80896119
165.1599851,118.663657,-36.66139658
166.1318241,120.1719681,-39.29070743
166.969026,121.6378448,-42.37421826
167.8968314,122.9384655,-45.49381
169.1783728,123.9348735,-48.20750266
171.0767827,124.4881125,-50.07331623
173.7568225,124.5083884,-50.7906971
176.9897691,124.102557,-50.62479715
180.4485285,123.4266362,-49.98219463
183.8060066,122.6366443,-49.26946778
186.8251582,121.8560461,-48.81527594
189.629134,121.0780936,-48.63660281
192.4311335,120.2634854,-48.67251316
195.4443562,119.3729203,-48.86207178
198.7927836,118.3796685,-49.10591331
202.2435254,117.3072871,-49.15095188
205.4744731,116.1919045,-48.70567151
208.1635181,115.0696492,-47.4785562
210.0267604,113.98959,-45.32529902
210.933133,113.0525562,-42.69042939
210.7897776,112.3723174,-40.16568576
209.5038355,112.0626429,-38.34280661
207.0726807,112.2171098,-37.61345091
203.8546171,112.8485254,-37.56895962
200.2981814,113.9495042,-37.60059417
196.8519099,115.512661,-37.09961602
193.9378411,117.4756443,-35.65765188
191.8720205,119.5562376,-33.66778945
190.9439958,121.4172583,-31.72348171
191.4433145,122.7215238,-30.41818162
193.5001782,123.2233914,-30.15043655
196.6074041,123.0433772,-30.53917141
200.0984636,122.3935377,-31.0084055
203.3068278,121.4859289,-30.98215814
205.6721522,120.5021875,-30.03975675
207.0588283,119.5022724,-28.38176122
207.4374317,118.5157228,-26.36403958
206.7785379,117.5720781,-24.34245985
205.0954636,116.6842954,-22.60885898
202.5724889,115.799004,-21.1989497
199.4366351,114.846251,-20.08441366
195.9149233,113.7560835,-19.23693252
192.242462,112.5081966,-18.66665222
188.6867094,111.2808766,-18.53757575
185.5232106,110.3020577,-19.05217038
183.0275112,109.799674,-20.41290337
181.367945,109.9482746,-22.70347648
180.2840001,110.7088682,-25.53252943
179.4079531,111.9890782,-28.38993642
178.3720806,113.6965281,-30.76557166
176.9129571,115.7135955,-32.23228145
175.1843481,117.8216739,-32.69480047
173.4443167,119.7769107,-32.14083552
171.9509263,121.3354536,-30.55809336
170.9003826,122.3134175,-27.9968985
170.2414605,122.7667869,-24.75804621
169.8610773,122.8115137,-21.2049495
169.6461505,122.56355,-17.70102137
169.4876459,122.1038763,-14.53334738
169.2927241,121.373588,-11.68370344
168.9725942,120.2788091,-9.057538048
168.4384652,118.7256635,-6.560299687
167.6600374,116.7035788,-4.094486626
166.8409761,114.535197,-1.550796249
166.2434378,112.6264637,1.18302428
166.129579,111.3833244,4.219227796
166.6914352,111.0442259,7.562947989
167.8405584,111.1776185,10.79084197
169.4183799,111.1844541,13.37244769
171.2663307,110.4656843,14.77730311
173.2136411,108.6363986,14.63166777
175.040738,106.1682386,13.18868746
176.5158475,103.7469839,10.85822955
177.4071955,102.0584141,8.050161398
177.5994164,101.6167273,5.134366585
177.4427778,102.2497966,2.320793521
177.403956,103.6139136,-0.2205931726
177.9496269,105.3653703,-2.319828876
179.4290396,107.1963424,-3.873357346
181.7217363,108.9425429,-5.043255846
184.5898321,110.475569,-6.058010017
187.795442,111.667018,-7.146105501
191.1193509,112.4204672,-8.429359934
194.4170221,112.7674151,-9.602918934
197.5625886,112.7713404,-10.25526011
200.4301834,112.4957217,-9.974861091
202.8871918,112.0400962,-8.492849788
204.7740079,111.6482338,-6.110955382
205.9242782,111.5999629,-3.273557359
206.1716491,112.175112,-0.425035209
205.4367167,113.5495158,2.088824571
203.9878764,115.4830348,4.316607439
202.1804732,117.631536,6.405491844
200.3698522,119.6508865,8.502656234
198.8379408,121.2638019,10.73757881
197.5729962,122.4603932,13.16893678
196.4898579,123.2976201,15.83770711
195.5033656,123.8324423,18.78486677
194.5240015,124.1099656,21.99943367
193.4448204,124.1278797,25.26258959
192.1545194,123.8720206,28.30355729
190.5417961,123.3282239,30.85155949
188.529602,122.4813018,32.7061382
186.1779057,121.3119708,33.94811243
183.5809297,119.7999238,34.72862043
180.8328967,117.9248536,35.19880047
178.0183684,115.7371778,35.48077315
175.1832621,113.5702133,35.58058835
172.3638343,111.8280017,35.4752783
169.5963413,110.9145847,35.14187521
166.9171214,111.1159909,34.5552579
164.3628396,112.2461964,33.6816915
161.9702429,114.0011646,32.48528774
159.7760783,116.0768584,30.93015836
157.7763703,118.1561741,29.03573197
155.8042543,119.8697401,27.04270477
153.6521433,120.8351176,25.24708985
151.1124504,120.669868,23.94490031
148.1049204,119.1514103,23.35604463
145.0586267,116.6965939,23.39601285
142.5299741,113.882126,23.90419041
141.075368,111.2847136,24.71996275
141.068985,109.3851172,25.63892321
142.1560885,108.2803116,26.28149674
143.7997135,107.9713247,26.22431618
145.4628951,108.4591848,25.04401439
146.7382218,109.6517839,22.49010067
147.7364957,111.0844708,19.00359021
148.6980723,112.1994583,15.19837465
149.8633072,112.4389592,11.68834562
151.3818287,111.4361418,8.92252847
153.0403565,109.5879966,6.690483342
154.534883,107.4824698,4.616904078
155.5614005,105.7075072,2.326484521
155.8913428,104.7159216,-0.4499197296
155.5979089,104.4199914,-3.556806047
154.8297391,104.5968615,-6.732510048
153.7354736,105.0236769,-9.715367351
152.4429317,105.5451674,-12.31993439
150.9966485,106.2764025,-14.66565087
149.4203378,107.4000362,-16.94817733
147.7377138,109.0987228,-19.36317429
145.9708531,111.4250617,-22.01629643
144.1352827,113.9114329,-24.65317506
142.2448922,115.9601619,-26.92943565
140.3135712,116.9735738,-28.50070366
138.3893654,116.5334996,-29.10236282
136.6569437,114.9397929,-28.78882989
135.335131,112.6718129,-27.69427986
134.6427525,110.2089188,-25.95288775
134.7127715,108.0049334,-23.71094452
135.3347059,106.4115341,-21.16320492
136.2122121,105.7548618,-18.51653965
137.0489466,106.3610575,-15.97781942
137.6162562,108.3665059,-13.68310505
137.9562491,111.1485674,-11.48521795
138.1787243,113.894846,-9.166169661
138.3934803,115.7929459,-6.507971719
138.6725081,116.2236133,-3.394896501
138.9365664,115.3401626,-0.1202597314
139.0686063,113.4890503,2.920362028
138.9515786,111.0167328,5.331392214
138.4972183,108.2573705,6.871205006
137.7323958,105.4959398,7.913977539
136.7127656,103.0051208,8.987837686
135.493982,101.0575937,10.62091332
134.1179956,99.86890045,13.15756978
132.5719412,99.42602897,16.20712217
130.8292496,99.65882892,19.19512308
128.8633515,100.4971499,21.54712509
126.6680448,101.8547476,22.87745735
124.318595,103.581002,23.55555532
121.9106346,105.5091991,24.13963102
119.5397961,107.4726249,25.18789649
117.3623995,109.3238077,27.08494892
115.7775146,110.9922447,29.5209261
115.2448987,112.4266754,32.01235101
116.2243092,113.5758394,34.07574658
118.9144536,114.4363078,35.38127958
122.4698412,115.1959788,36.21369199
125.7839314,116.0905822,37.01136956
127.7501839,117.355848,38.21269806
127.6355866,119.1253601,40.12141776
126.2012417,121.124119,42.50268685
124.5817798,122.9749793,44.98701804
123.9118316,124.3007955,47.204924
125.0320274,124.8316742,48.8732675
127.6069963,124.7267285,50.05431147
131.0073668,124.2523235,50.89666892
134.6037678,123.6748244,51.54895287
137.8977837,123.1980195,52.11912354
140.9148231,122.7753908,52.55253011
143.81125,122.2978437,52.75386901
146.743429,121.6562836,52.62783663
149.8154394,120.7561487,52.12799274
152.9222219,119.5610099,51.40335046
155.9064326,118.0489709,50.65178626
158.6107273,116.1981355,50.07117661
160.9436513,114.0256234,49.80220915
163.0773078,111.7046177,49.75681624
165.2496893,109.4473177,49.78974141
167.6987882,107.4659226,49.75572818
170.5803277,105.9505842,49.55322053
173.7209537,105.0032656,49.25546421
176.8650428,104.7038826,48.97940541
179.7569716,105.132351,48.84199034
182.2172234,106.3319984,48.92589568
184.3707082,108.1997998,49.17672006
186.4184429,110.596142,49.50579261
188.5614442,113.3814119,49.82444244
190.9326456,116.3798624,50.09568319
193.3926486,119.2712115,50.48926658
195.7339713,121.6990433,51.22662885
197.7491318,123.3069418,52.52920622
199.2321033,123.832452,54.4935938
199.9826777,123.3889608,56.71702215
199.8021019,122.1838161,58.67188068
198.4916227,120.4243656,59.83055883
195.999355,118.3231757,59.87618593
192.8608851,116.1136868,59.33485106
189.7586674,114.034558,58.94338322
187.3751561,112.3244484,59.43861139
186.2506659,111.1708601,61.28670509
186.3569524,110.5566672,63.87119595
187.5236312,110.4135866,66.30495609
189.5803183,110.6733357,67.70085767
192.3340537,111.2312837,67.48029729
195.5015754,111.8374091,66.29876947
198.7770457,112.2053427,65.12029318
201.8546269,112.0487152,64.90888739
204.437569,111.1862668,66.35265724
206.2654727,109.8571755,69.03605242
207.0870267,108.4057284,72.26760879
206.6509192,107.1762131,75.3558622
204.8446167,106.4688356,77.7465805
202.110696,106.4074778,79.43445954
199.0305119,107.0719402,80.55142718
196.1854192,108.5420237,81.22941127
193.9894047,110.8098163,81.59042469
192.1869847,113.5165557,81.71682034
190.3553075,116.2157674,81.68103615
188.0715212,118.4609765,81.55551004
185.0733399,119.9170111,81.45265164
181.7407399,120.6939094,81.64475743
178.6142629,121.0130127,82.4440956
176.2344507,121.0956619,84.16293434
175.0291225,121.1350425,86.92703755
174.975206,121.211717,90.11615196
175.9369062,121.3780922,92.92352003
177.7784279,121.6865748,94.5423842
180.3471164,122.1507191,94.44655797
183.4228778,122.6286692,93.23213905
186.7687585,122.9397164,91.7757962
190.1478046,122.9031521,90.95419819
193.3142954,122.4045593,91.43870578
195.9874418,121.5946872,93.07944774
197.8776874,120.6905766,95.52124482
198.6954758,119.9092682,98.40891779
198.2562859,119.3961207,101.3708515
196.7957375,119.0097637,103.9696875
194.6544853,118.5371447,105.751631
192.1731842,117.7652113,106.2628878
189.6701311,116.5580834,105.2099297
187.3741908,115.0885709,102.9402942
185.4918705,113.6066561,99.96178542
184.2296771,112.3623214,96.78220728
183.7122333,111.5300882,93.80161964
183.7366257,110.982634,90.98910586
184.0180563,110.5171753,88.20600517
184.2717275,109.9309287,85.31365678
184.2482132,109.1125342,82.22734523
183.8395739,108.3163257,79.07813627
182.973242,107.8880605,76.05104096
181.5766498,108.1734959,73.33107037
179.6291613,109.4021023,71.09824692
177.3178685,111.3382019,69.51263846
174.8817948,113.6298304,68.7293242
172.559964,115.9250229,68.90338335
170.5618912,117.9336568,70.12029682
168.9790574,119.6129771,72.18715226
167.8734352,120.9820704,74.84143898
167.3069972,122.0600237,77.82064633
167.2941825,122.8712697,80.90372437
167.6592962,123.4616261,84.03546615
168.1791097,123.8822564,87.20212543
168.6303948,124.1843243,90.38995601
168.8513263,124.3978357,93.58766076
168.9256926,124.4681646,96.79373893
168.9986853,124.3195276,100.0091389
169.2154961,123.8761411,103.234809
169.633394,123.0739686,106.4339208
169.9579579,121.8959631,109.4185388
169.8068439,120.3368249,111.9629507
168.7977081,118.3912541,113.8414442
166.6998816,116.1252921,114.8789037
163.8893938,113.8903452,115.1026003
160.8939491,112.1091607,114.590402
158.2412519,111.2044859,113.4201766
156.3257611,111.4741084,111.6797211
155.0089537,112.715976,109.4965491
154.0190614,114.6030763,107.0081034
153.0843159,116.8083974,104.3518266
151.9804029,118.9935326,101.690408
150.6728243,120.7744983,99.28752262
149.1745361,121.755916,97.43209204
147.4984943,121.5424078,96.41303776
145.6891169,119.9212492,96.45456612
143.9166693,117.4103311,97.52202271
142.382879,114.7101983,99.51603791
141.2894735,112.5213956,102.3372421
140.7386961,111.3717091,105.7885724
140.4348551,111.0978904,109.2821925
139.9827745,111.3639324,112.1325732
138.9872786,111.8338281,113.654185
137.2098303,112.2250724,113.3614255
135.0384485,112.4691687,111.5684012
133.0177906,112.5511221,108.7891453
131.6925143,112.4559378,105.5376916
131.4600675,112.1862959,102.2469133
132.1290589,111.8155759,99.02504458
133.3608874,111.4348321,95.8991592
134.8169521,111.1351189,92.89633117
136.2180087,110.9828688,90.02573038
137.5222403,110.9460271,87.22491053
138.7471868,110.9679175,84.41352125
139.9103881,110.9918635,81.51121218
141.0194806,110.9753049,78.46171463
142.0424868,110.9321455,75.30508644
142.9375257,110.8904056,72.10546714
143.6627163,110.8781053,68.92699624
144.2007072,110.9129825,65.81403982
144.6322651,110.9716474,62.73187017
145.0626862,111.0204279,59.62598615
145.5972668,111.0256519,56.44188663
146.2699601,110.9667439,53.15123825
146.8293468,110.8755139,49.83037877
146.9526644,110.7968685,46.58181375
146.3171504,110.7757141,43.50804874
144.71017,110.8500552,40.74572452
142.3595975,111.0302874,38.5680227
139.6034349,111.3199045,37.28226015
136.779684,111.7223998,37.1957537
134.1842093,112.2084133,38.48901088
131.9443257,112.6171692,40.83530198
130.1452105,112.755038,43.78108797
128.8720412,112.42839,46.8728298
128.165232,111.535687,49.7611419
127.8861445,110.3437549,52.51325259
127.8513768,109.2115109,55.30054365
127.8775275,108.497872,58.29439684
127.813129,108.4597219,61.60326201
127.6344512,108.9458102,65.08386127
127.3496985,109.7028532,68.52998479
126.9670748,110.4775669,71.73542275
126.4795437,111.0891259,74.56342745
125.8191053,111.6465391,77.15509978
124.9025193,112.3312733,79.72100273
123.6465451,113.3247959,82.47169933
122.0030751,114.738033,85.49568093
120.064533,116.3997475,88.3931522
117.9584755,118.0681614,90.64224619
115.812459,119.5014967,91.72109592
113.7164483,120.5235497,91.28481436
111.6100397,121.2204145,89.69643428
109.3952376,121.7437596,87.49596839
106.9740464,122.2452536,85.22342942
104.3204109,122.7999738,83.35694977
101.6960375,123.1766326,82.12714066
99.43457304,123.0673515,81.70273299
97.8696644,122.1642516,82.25245767
97.20982937,120.2952238,83.8668245
97.1630696,117.8312364,86.32345883
97.31225773,115.279027,89.32176491
97.24026637,113.1453334,92.56114698
96.60628343,111.8122775,95.73255109
95.37475789,111.1635185,98.49309054
93.58645405,110.9580997,100.4914204
91.28213617,110.9550647,101.3761958
88.55886824,110.9590398,100.913962
85.73891311,110.9569835,99.34282515
83.20083334,110.9814372,97.01878142
81.32319148,111.0649425,94.29782712
80.34153768,111.2524411,91.47300676
79.91937228,111.638476,88.58555777
79.57718324,112.3299905,85.61376581
78.83545848,113.433928,82.53591653
77.34330548,114.9750127,79.40122528
75.26430991,116.6490937,76.5426261
72.89067699,118.069801,74.36398271
70.51461193,118.8507645,73.26915884
68.39182561,118.7161483,73.53873932
66.63205156,117.8322531,74.96019346
65.30852895,116.4759132,77.19771168
64.49449697,114.9239634,79.91548439
64.21484356,113.428162,82.83018381
64.30105171,112.1399627,85.86840936
64.53625316,111.1857429,89.00924222
64.70357965,110.69188,92.23176359
64.61864495,110.7164631,95.50777982
64.22699084,111.0444271,98.77999778
63.50664112,111.3924184,101.9838495
62.4356196,111.4770835,105.054767
60.99551206,111.1314479,107.9162067
59.18215224,110.6540526,110.4437229
56.99493584,110.4598178,112.5008941
54.43325859,110.9636636,113.951299
51.54490868,112.4357005,114.689078
48.57124427,114.5668007,114.7306186
45.802016,116.9030269,114.1228699
43.52697453,118.9904418,112.9127812
41.99565781,120.4414278,111.1757174
41.29675303,121.1336467,109.1007062
41.47873472,121.0110802,106.9051908
42.59007738,120.0177097,104.8066145
44.52985786,118.1665034,102.9711677
46.59956229,115.7463756,101.3600294
47.95127916,113.1152267,99.88312526
47.73709692,110.6309577,98.45038135
45.45450769,108.6011513,96.98395649
41.98261814,107.1321198,95.45494134
38.5459386,106.2798575,93.8466595
36.36897938,106.1003589,92.14243458
36.31647261,106.5943134,90.31625998
37.81403762,107.5411914,88.30480826
39.92751556,108.665158,86.03542181
41.72274755,109.6903786,83.43544299
42.44595755,110.4074949,80.52234079
42.06490071,110.8730532,77.67409059
40.727715,111.2100762,75.35879442
38.58253837,111.5415865,74.04455428
35.8269824,111.9489603,74.06851999
32.85655305,112.3469867,75.24403267
30.11622989,112.6088085,77.25348125
28.05099249,112.6075683,79.77925466
26.9935972,112.2681621,82.56018026
26.82790741,111.7224992,85.560839
27.32556331,111.1542423,88.80225025
28.25820507,110.7470539,92.30543338
29.37238099,110.6318182,96.03781117
30.31427182,110.7283052,99.75241999
30.70496645,110.903506,103.1486996
30.16555374,111.0244121,105.9260899
28.47268585,111.0070756,107.8225462
26.0252681,110.963792,108.7300871
23.37776906,111.0559176,108.5792466
21.08465734,111.4448085,107.3005589
19.56591702,112.2110026,104.9002067
18.70359418,113.111763,101.6869679
18.2452504,113.8235342,98.04526892
17.93844726,114.0227608,94.35953618
17.59598676,113.5056192,90.93917645
17.29163262,112.5472134,87.79351767
17.16438896,111.5423791,84.85686807
17.35325992,110.8859522,82.0635359
17.92891349,110.8883229,79.34398801
18.68867309,111.5220993,76.61332587
19.36152601,112.6754442,73.78280955
19.67645954,114.23652,70.76369913
19.41478354,116.069484,67.55370943
18.56709822,117.9424713,64.49637421
17.17632635,119.5996117,62.02168193
15.28539073,120.785035,60.5596211
12.99815957,121.3255907,60.42914
10.66228294,121.3790078,61.50502618
8.686356328,121.1857349,63.55102699
7.478975229,120.9862209,66.3308898
7.311315924,120.9686872,69.61160459
7.904877815,121.1124468,73.17313186
8.843741085,121.3445852,76.79867472
9.711985918,121.5921883,80.27143631
10.19041743,121.7994982,83.43825402
10.34674047,121.9793839,86.40050239
10.34538482,122.1618707,89.32319021
10.35078027,122.3769842,92.37132628
10.47280268,122.6325556,95.65563043
10.60311222,122.8476394,99.06966662
10.57881517,122.9190962,102.4527098
10.23701779,122.7437861,105.644035
9.435540143,122.2359294,108.4956488
8.115057507,121.3791842,110.9104847
6.236958968,120.1745688,112.8042078
3.762633609,118.623101,114.0924831
0.7247796182,116.7731382,114.7059628
-2.558668389,114.8623942,114.6352475
-5.698466691,113.1759223,113.8859246
-8.305371568,111.9987757,112.4635818
-10.08684446,111.5497918,110.420046
-11.13716748,111.782945,107.9921016
-11.64732787,112.5859937,105.4627727
-11.80831291,113.8466965,103.115083
-11.83753195,115.405043,101.1764479
-12.05808267,116.9099462,99.65184847
-12.81948484,117.9625504,98.49065704
-14.47125824,118.1639995,97.64224607
-17.17256265,117.2398187,97.10044719
-20.32111786,115.4130567,97.03692881
-23.12428366,113.0311433,97.66781853
-24.78941986,110.4415083,99.20924397
-24.82438216,107.9417323,101.738681
-23.93900987,105.6300005,104.7789985
-23.14363823,103.5546488,107.7144137
-23.44860247,101.7640132,109.9291438
-25.52901483,100.3102285,110.9523138
-28.71909565,99.26062326,110.8926801
-32.0178423,98.68632489,110.0039069
-34.42425215,98.65846069,108.5396583
-35.22060613,99.23983449,106.7184312
-34.8223195,100.4599561,104.6180534
-33.92809106,102.3400119,102.2811852
-33.23661964,104.9011883,99.75048684
-33.2458302,108.0679913,97.10057346
-33.65055242,111.3782061,94.53387848
-33.94484211,114.2729376,92.28478999
-33.6227551,116.1932906,90.58769609
-32.31886024,116.7718257,89.59428361
-30.22977853,116.4069258,89.12543436
-27.692644,115.6884294,88.91932887
-25.04459069,115.206175,88.71414769
-22.62502462,115.417342,88.29685584
-20.78243975,116.2484729,87.64955628
-19.86760203,117.4934513,86.80313644
-20.2312774,118.9461604,85.78848374
-22.08517979,120.4051549,84.65960975
-25.08481499,121.6876742,83.56302253
-28.74663673,122.615629,82.66835429
-32.58709879,123.0109299,82.14523723
-36.18710172,122.7546464,82.12976506
-39.3853333,121.9644828,82.62387751
-42.08492815,120.8173024,83.5959758
-44.18902087,119.4899684,85.01446118
-45.63915192,118.1297193,86.85295201
-46.53048529,116.7652947,89.10593519
-46.99659083,115.3958094,91.77311477
-47.17103841,114.0203782,94.85419478
-47.21828591,112.6445781,98.26276862
-47.42634343,111.2998349,101.5679871
-48.1141091,110.0240366,104.2528906
-49.60048107,108.8550713,105.8005191
-52.03404356,107.8335493,105.8411132
-54.88212518,107.0109712,104.5937148
-57.44174065,106.4415601,102.424566
-59.00990467,106.1795391,99.69990882
-59.11949349,106.2632825,96.72894646
-58.24682949,106.6677695,93.59272575
-57.10409658,107.352131,90.31525448
-56.40347871,108.2754973,86.92054047
-56.61524598,109.3784958,83.45710156
-57.24201342,110.5277398,80.0714958
-57.54448221,111.5713392,76.93479127
-56.78335358,112.3574038,74.21805606
-54.48265506,112.8020729,72.03349065
-51.21971947,113.0936021,70.2578251
-47.83520598,113.4882766,68.70892188
-45.16977373,114.2423815,67.20464345
-43.86358465,115.5068973,65.5988587
-43.75481167,117.011587,63.88946221
-44.48113051,118.3809091,62.110355
-45.68021688,119.2393221,60.29543809
-46.98368669,119.3446721,58.47997804
-47.99891663,118.9883549,56.70470359
-48.32722358,118.5951542,55.01170904
-47.56992442,118.5898535,53.44308868
-45.55258039,119.2323325,52.02224495
-42.99773006,120.1228562,50.6978129
-40.85215635,120.6967862,49.39973575
-40.06264217,120.3894838,48.05795671
-41.28535387,118.8162492,46.64431935
-44.01399152,116.3121373,45.29826866
-47.45163861,113.3921419,44.20114996
-50.80137862,110.5712569,43.53430862
-53.44852459,108.2799582,43.44344594
-55.50730769,106.6106505,43.93168711
-57.27418862,105.5712207,44.9665133
-59.04562809,105.1695559,46.51540568
-61.01531417,105.3932785,48.53405564
-62.96584435,106.1489533,50.93099555
-64.57704349,107.322881,53.602968
-65.52873644,108.801362,56.44671557
-65.61887157,110.4515666,59.37244712
-65.11789126,112.0641438,62.34423647
-64.41436143,113.4106125,65.33962372
-63.89684796,114.2624914,68.33614895
-63.88189955,114.4513668,71.3046196
-64.39799613,114.0490943,74.18891262
-65.4016004,113.1875972,76.92617229
-66.84917507,111.9987984,79.45354293
-68.68041345,110.5907818,81.72398669
-70.76793122,108.9762741,83.7537372
-72.96757467,107.1441625,85.57484595
-75.13519006,105.0833346,87.21936441
-77.17677623,102.8312865,88.66859044
-79.19894215,100.6199506,89.70080734
-81.35844932,98.7298678,90.04354476
-83.81205927,97.44157939,89.42433238
-86.6434226,96.94652037,87.75254749
-89.64374638,97.07970131,85.66495793
-92.53112677,97.58702667,83.98017918
-95.02365992,98.21440089,83.51682672
-96.86146236,98.76470594,84.82505641
-97.87273199,99.26873383,87.38118567
-97.90768708,99.81425406,90.3930723
-96.81654589,100.4890361,93.06857413
-94.53956202,101.3312213,94.7964963
-91.37713039,102.1804377,95.6894334
-87.71968125,102.8266851,96.04092736
-83.95764485,103.0599633,96.14452009
-80.42727219,102.7507397,96.27529137
-77.2480973,102.0913508,96.63447227
-74.48547497,101.3546006,97.40483173
-72.20475997,100.8132933,98.76913866
-70.45124197,100.7082765,100.827786
-69.18995016,101.1525726,103.3516625
-68.36584859,102.2272478,106.029281
-67.92390133,104.013368,108.5491543
-67.82667941,106.5255647,110.6614418
-68.10718177,109.5127306,112.3628887
-68.8160143,112.6573235,113.7118868
-70.00378292,115.6418014,114.766828
-71.70327389,118.1870444,115.582857
-73.87599487,120.1676209,116.2021303
-76.46563388,121.4965216,116.6635576
-79.41587897,122.0867369,117.0060483
-82.6460285,121.896127,117.2503203
-85.97782234,121.0620297,117.3443248
-89.20861069,119.7666522,117.2178212
-92.13574376,118.192202,116.8005688
-94.61122944,116.5044019,116.0257995
-96.70570632,114.8030371,114.840634
-98.54447066,113.1714083,113.1956655
-100.2528187,111.6928165,111.0414871
-101.9044788,110.4475425,108.3680034
-103.366907,109.5037886,105.3223647
-104.4559915,108.9267374,102.0910327
-104.9876206,108.7815714,98.86046925
-104.8746316,109.0858196,95.76814313
-104.4176586,109.6663976,92.75555183
-104.0142847,110.3025677,89.71519993
-104.0620933,110.7735921,86.53959203
-104.7842211,110.9476948,83.17257953
-105.7060189,111.0489476,79.76340113
-106.1783912,111.3903841,76.51264236
-105.5522424,112.2850378,73.62088873
-103.4389148,113.8984115,71.21223191
-100.4915029,115.8058836,69.10478807
-97.62353931,117.4353021,67.04017955
-95.74855649,118.2145145,64.76002866
-95.48833368,117.7858743,62.10021242
-96.29763693,116.6497581,59.27362667
-97.33947906,115.5210481,56.58742196
-97.77687283,115.1146267,54.34874882
-97.0074056,115.9374269,52.77052487
-95.36696294,117.6645849,51.68873612
-93.42600497,119.7632879,50.84513566
-91.75499184,121.7007229,49.98147657
-90.79461674,123.048089,48.866794
-90.4665052,123.7926341,47.37925133
-90.56251583,124.0256183,45.42429403
-90.87450722,123.8383017,42.90736753
-91.18735809,123.3116732,39.83360937
-91.25802747,122.4856386,36.60692542
-90.8364945,121.3898322,33.73091366
-89.67273834,120.0538887,31.70917204
-87.63662675,118.5560897,30.92769903
-85.07758209,117.1693054,31.30209515
-82.46491532,116.2150527,32.6303614
-80.26793744,116.0148487,34.71049882
-78.8172611,116.7451791,37.27003518
-77.88870562,118.0024024,39.75460536
-77.11939201,119.237846,41.53937099
-76.14644128,119.9028369,41.99949371
-74.72660126,119.5941265,40.71971347
-73.09512716,118.4901635,38.12308345
-71.60690102,116.9148206,34.84223512
-70.61680488,115.1919707,31.50979998
-70.37519935,113.6031871,28.61155387
-70.71435935,112.2608441,26.04585019
-71.36203836,111.2350166,23.56418672
-72.04598985,110.5957794,20.91806121
-72.51623316,110.3863337,17.91987975
-72.61185104,110.5423873,14.62568163
-72.19419207,110.9727743,11.15241446
-71.12460487,111.586329,7.61702585
-69.35783302,112.2788149,4.191014392
-67.22220022,112.8937125,1.264082678
-65.13942515,113.2614317,-0.71951571
-63.53122652,113.2123825,-1.315527187
-62.68923884,112.6233636,-0.2431130917
-62.38476007,111.5567297,2.124905557
-62.25900396,110.1212245,5.252292817
-61.95318429,108.4255916,8.602812748
-61.20205377,106.6163599,11.66616697
-60.11452086,104.9912003,14.03580739
-58.89303296,103.8855689,15.33112344
-57.74003745,103.6349219,15.1715046
-56.82103755,104.4094248,13.34473072
-56.1537597,105.7180811,10.31214329
-55.7189862,106.904604,6.703474191
-55.49749931,107.3127063,3.148455312
-55.43403938,106.5004455,0.1282878562
-55.32917905,104.8832569,-2.469949704
-54.94744906,103.0909202,-4.907709578
-54.05338013,101.7532153,-7.446443978
-52.55715599,101.3583362,-10.2525446
-50.95157247,101.8281346,-13.11216111
-49.87507842,102.9428763,-15.71638266
-49.96612268,104.4828272,-17.75629838
-51.65067292,106.2338029,-18.99056347
-54.50477215,108.0038164,-19.44809732
-57.89198219,109.6064304,-19.22538534
-61.17586487,110.8552077,-18.41891296
-63.88097704,111.6478086,-17.16275257
-66.17585567,112.2182844,-15.74132449
-68.39003272,112.884784,-14.47663597
-70.85304019,113.9654564,-13.69069432
-73.77196942,115.6665044,-13.56840351
-76.8641493,117.7463465,-13.74625446
-79.72446806,119.8514552,-13.72363481
-81.94781395,121.6283027,-12.99993217
-83.24575932,122.8139098,-11.20856104
-83.79661291,123.5074903,-8.519043315
-83.89536757,123.8988062,-5.234927732
-83.83701613,124.1776197,-1.65976304
-83.89362071,124.4606389,1.907412542
-84.24552042,124.5723556,5.185602907
-85.05012362,124.2642079,7.898322477
-86.4648387,123.2876335,9.769085673
-88.54993776,121.4933506,10.59230233
-90.9771479,119.1291975,10.44596397
-93.32105998,116.5422926,9.478957521
-95.15626484,114.0797543,7.84016991
-96.16137197,112.0290138,5.676881064
-96.4310655,110.438753,3.129942874
-96.16404823,109.2979665,0.3386002242
-95.55902295,108.5956489,-2.557902
-94.78848561,108.3432423,-5.44233877
-93.92010489,108.641978,-8.285564475
-92.99534261,109.6155348,-11.08045336
-92.05566062,111.3875914,-13.81987967
-91.12039486,113.9592217,-16.47162495
-90.1203777,116.8410799,-18.90310002
-88.96431558,119.4212151,-20.95662297
-87.56091498,121.0876767,-22.47451192
-85.83712692,121.3947724,-23.36090305
-83.79288075,120.5618452,-23.76720483
-81.44635036,118.9744964,-23.90664379
-78.81570968,117.0183275,-23.99244649
-75.93976941,115.0430959,-24.18657208
-72.93988754,113.2551827,-24.44591027
-69.95805884,111.8251251,-24.67608339
-67.1362781,110.9234601,-24.78271378
-64.55602782,110.6947169,-24.71026943
-62.05674128,111.1793925,-24.55860095
-59.41733951,112.3919758,-24.46640458
-56.4167435,114.3469559,-24.5723766
-52.97647117,116.9397948,-24.98563539
-49.58842805,119.5898462,-25.69698791
-46.88711658,121.597437,-26.66766324
-45.50703918,122.2628939,-27.85889046
-45.83931869,121.164486,-29.23524795
-47.3015595,118.9922509,-30.77471115
-49.06798642,116.7141688,-32.45860482
-50.31282424,115.2982196,-34.26825369
-50.42368414,115.4363308,-36.19654021
-49.64172291,116.7162194,-38.2825776
-48.42148369,118.44955,-40.57703678
-47.21750967,119.9479869,-43.1305887
-46.41321314,120.6371331,-45.91824424
-46.10748289,120.398345,-48.61237423
-46.32807687,119.2269171,-50.80968946
-47.10275299,117.1181442,-52.10690073
-48.41259351,114.1435315,-52.27944997
-50.05197794,110.6794267,-51.8177038
-51.76861013,107.1783878,-51.39075997
-53.3101939,104.092973,-51.66771625
-54.43650373,101.7917424,-53.1229278
-54.95559664,100.3072646,-55.45177949
-54.6876003,99.58810999,-58.15491358
-53.45264237,99.58284903,-60.73297235
-51.16935423,100.2113297,-62.77535753
-48.15038212,101.2785098,-64.22650868
-44.80687602,102.5606247,-65.11962486
-41.54998588,103.8339097,-65.48790508
-38.69026121,104.9501991,-65.41396518
-36.13584962,106.0637236,-65.17808805
-33.69429825,107.4043128,-65.10997342
-31.17315427,109.2017962,-65.53932097
-28.44557316,111.5714542,-66.65776684
-25.64714386,114.1703702,-68.10469296
-22.97906365,116.5410781,-69.38141767
-20.64252982,118.226112,-69.98925934
-18.76907822,118.8728293,-69.56247835
-17.21159895,118.5478809,-68.26710314
-15.7533207,117.4227412,-66.40210419
-14.17747214,115.6688846,-64.26645196
-12.33575048,113.4967846,-62.17695414
-10.35372699,111.2729119,-60.52176723
-8.425441481,109.4027365,-59.70688495
-6.74493377,108.2917282,-60.13830102
-5.473672261,108.2141374,-62.06630039
-4.642839758,108.9193357,-65.11833302
-4.251047666,110.0254752,-68.7661401
-4.296907389,111.1507077,-72.48146283
-4.697291997,111.9822371,-75.82328799
-5.04212122,112.4834751,-78.69958478
-4.839576454,112.6868849,-81.10556796
-3.597839093,112.6249299,-83.03645232
-1.0446654,112.3883712,-84.52287238
2.213888891,112.3011609,-85.73714158
5.352193178,112.7455485,-86.88699313
7.544616862,114.1037838,-88.18016023
8.166082057,116.5689139,-89.73880644
7.393721748,119.5771761,-91.34281673
5.605221636,122.375605,-92.68650647
3.178267422,124.2112353,-93.46419099
0.4530262962,124.5254725,-93.47806463
-2.380408585,123.5372056,-92.96183768
-5.169462577,121.6596946,-92.25709939
-7.761561035,119.3061993,-91.70543902
-10.06239618,116.8444106,-91.55758424
-12.21072772,114.4597427,-91.70081617
-14.40358221,112.292041,-91.93155435
-16.83798622,110.4811508,-92.04621831
-19.65378109,109.1378772,-91.90230334
-22.76206714,108.2568639,-91.60160784
-26.0167595,107.8037147,-91.30700597
-29.27177327,107.7440331,-91.18137188
-32.41525863,108.0409346,-91.33204725
-35.47230613,108.6475815,-91.64424378
-38.50224142,109.5146479,-91.9476407
-41.56439014,110.5928079,-92.07191722
-44.63902537,111.8452145,-91.85842519
-47.39021005,113.2849356,-91.195207
-49.40295454,114.9375182,-89.98197767
-50.26226923,116.8285092,-88.11845223
-49.76029247,118.9369549,-85.57829761
-48.51767458,121.0559,-82.63098846
-47.36219384,122.9318886,-79.61995132
-47.12162855,124.311465,-76.88861276
-48.36270928,124.9828008,-74.74432001
-50.6079757,124.9005774,-73.35010301
-53.11891976,124.0611038,-72.8329124
-55.15703341,122.4606889,-73.31969881
-56.17490684,120.1624385,-74.85905871
-56.38952323,117.4966454,-77.18617194
-56.208964,114.8603995,-79.95786421
-56.04131057,112.6507905,-82.8309612
-56.20596947,111.1921906,-85.54200358
-56.6676476,110.5181014,-88.14639187
-57.302377,110.5893069,-90.77924156
-57.98618968,111.366591,-93.57566815
-58.64692737,112.7847844,-96.59515425
-59.4196706,114.6749042,-99.594651
-60.49130963,116.8420143,-102.2554767
-62.0487347,119.0911787,-104.2589496
-64.17384525,121.2184203,-105.3421142
-66.52857751,122.9835979,-105.4649208
-68.66987687,124.1375293,-104.6430457
-70.15468876,124.4310324,-102.8921652
-70.67377589,123.7118287,-100.2892198
-70.45317026,122.2152545,-97.15620541
-69.85272118,120.2735497,-93.87638198
-69.23227798,118.2189544,-90.83300943
-68.87139415,116.3235155,-88.29368589
-68.72843988,114.6185078,-86.0633623
-68.68148957,113.0750132,-83.8313278
-68.6086176,111.6641135,-81.28687156
-68.41533733,110.3806456,-78.21405469
-68.116918,109.3144669,-74.77602629
-67.75606783,108.5791899,-71.23070741
-67.37549502,108.2884269,-67.83601913
-67.03854021,108.5452785,-64.80849373
-66.89107372,109.4107963,-62.19910843
-67.0995983,110.9355203,-60.01745163
-67.83061669,113.1699902,-58.27311178
-69.17614744,116.0641583,-57.00291573
-70.93027236,119.1656272,-56.35264403
-72.81258908,121.9214121,-56.49531569
-74.54269521,123.7785281,-57.60394971
-75.89859348,124.3350445,-59.75772881
-76.89190704,123.7932463,-62.66049066
-77.59266416,122.5064725,-65.92223668
-78.07089309,120.8280623,-69.15296827
-78.40045637,119.0620374,-72.05200209
-78.67055369,117.3151508,-74.67591587
-78.97421899,115.6448381,-77.17060259
-79.40448625,114.1085349,-79.68195523
-80.02928492,112.7649028,-82.33254185
-80.81612651,111.6775076,-85.15163092
-81.70741801,110.9111408,-88.14516597
-82.64556643,110.530594,-91.31909054
-83.52287231,110.5551391,-94.64531587
-84.03121039,110.8219687,-97.95962389
-83.81234891,111.1227555,-101.0637642
-82.50805615,111.2491722,-103.7594865
-79.95942275,111.0702277,-105.9233286
-76.80482881,110.7642742,-107.7309815
-73.88197682,110.5870003,-109.4329246
-72.02856925,110.7940941,-111.2796371
-71.87439182,111.5529129,-113.4144341
-73.21756317,112.677489,-115.5519731
-75.64828515,113.8935234,-117.2997472
-78.75675962,114.9267172,-118.2652497
-82.1369573,115.5561993,-118.1584995
-85.39792423,115.7748094,-117.0996179
-88.1524753,115.6288153,-115.3112518
-90.01342543,115.1644845,-113.0160483
-90.72375688,114.4746301,-110.4170925
-90.54712156,113.8382465,-107.6392228
-89.87733873,113.5808735,-104.787716
-89.10822768,114.0280507,-101.9678486
-88.55962611,115.3796606,-99.25257244
-88.25544554,117.3329561,-96.58553978
-88.14561589,119.4595327,-93.87807803
-88.18006711,121.3309858,-91.04151461
-88.31003214,122.6093916,-88.01454738
-88.49195599,123.3187486,-84.84535602
-88.68358669,123.573536,-81.60949068
-88.84267225,123.488233,-78.38250152
-88.93982287,123.1613365,-75.22340024
-88.99709753,122.6274147,-72.12504484
-89.04941735,121.9050533,-69.06375489
-89.13170349,121.0128384,-66.01584995
-89.26826362,119.9844074,-62.95986511
-89.44095144,118.913604,-59.8831976
-89.6210072,117.9093235,-56.77546017
-89.77967114,117.0804613,-53.62626555
-89.87113679,116.4809379,-50.44413117
-89.78141077,115.944774,-47.31319307
-89.37945301,115.2510157,-44.33649196
-88.53422343,114.178709,-41.61706856
-87.16307796,112.5738093,-39.2433142
-85.3769565,110.5499106,-37.24502278
-83.33519494,108.2875161,-35.63733879
-81.19712919,105.9671292,-34.43540676
-79.06861076,103.7561656,-33.64627549
-76.84155365,101.7696894,-33.24461093
-74.3543875,100.1096774,-33.19698331
-71.4455419,98.87810585,-33.46996288
-68.08266022,98.16900951,-33.98151272
-64.75024065,98.04465532,-34.45516727
-62.06199511,98.5593683,-34.56585382
-60.63163554,99.76747353,-33.98849966
-60.88543462,101.6554177,-32.54703564
-62.49990814,103.9381339,-30.66140692
-64.96413263,106.2626771,-28.90056221
-67.76718464,108.276102,-27.83345023
-70.50487604,109.6917579,-27.85795267
-73.19995996,110.4881718,-28.6876831
-75.98192486,110.7101649,-29.86518805
-78.9802592,110.4025588,-30.93301406
-82.26783714,109.6716434,-31.52793865
-85.69107565,108.8695835,-31.66366327
-89.03977741,108.4100125,-31.44812036
-92.10374508,108.7065638,-30.98924237
-94.73648202,110.0401765,-30.39927398
-97.04629427,112.1610122,-29.80770898
-99.20518852,114.6865386,-29.34835337
-101.3851715,117.2342231,-29.15501318
-103.7264367,119.4831321,-29.28614143
-106.2419251,121.358729,-29.49877907
-108.9127644,122.848076,-29.47461402
-111.7200824,123.9382354,-28.89533421
-114.5922734,124.5986184,-27.5411279
-117.2467985,124.7280309,-25.58618462
-119.3483854,124.2076278,-23.30319421
-120.561762,122.9185638,-20.96484652
-120.6830331,120.8327691,-18.77545648
-120.0338123,118.2852751,-16.66583932
-119.06709,115.7018886,-14.4984354
-118.235857,113.5084163,-12.13568502
-117.889601,112.0096794,-9.478962936
-117.9637982,111.0265562,-6.58538151
-118.290422,110.2589394,-3.550987524
-118.7014456,109.4067217,-0.4718277574
-119.0108691,108.2343894,2.530567233
-118.9607987,106.7648039,5.232731771
-118.2753671,105.0854205,7.385716403
-116.678707,103.283694,8.740571674
-114.0724091,101.4810869,9.110014447
-111.0678949,99.93508971,8.553426842
-108.4540438,98.93720015,7.191857299
-107.019735,98.77891599,5.146354255
-107.2620063,99.62230529,2.56820613
-108.5105295,101.1117175,-0.2703387305
-109.8031348,102.7620725,-3.066791996
-110.1776523,104.08829,-5.518665339
-108.9662597,104.7473458,-7.343667482
-106.6785241,104.9644395,-8.340295354
-104.1183599,105.1068266,-8.327242938
-102.0896816,105.5417625,-7.123204215
-101.1928375,106.5269468,-4.65898372
-101.2139108,107.8818543,-1.313828198
-101.7354186,109.3164038,2.420905049
-102.3398779,110.5405141,6.053858723
-102.6976493,111.3532421,9.217846531
-102.8304676,111.9101965,12.04236621
-102.847911,112.4561237,14.78108652
-102.8595579,113.2357705,17.68767619
-102.9126133,114.4194524,20.87958457
-102.8047895,115.8797601,23.92938334
-102.2714256,117.4148531,26.27342479
-101.0478605,118.8228911,27.34806119
-98.99998005,119.9115227,26.77733653
-96.51585709,120.5263522,24.93606169
-94.1141111,120.5224731,22.38673927
-92.31336164,119.7549788,19.69187184
-91.46690234,118.167015,17.27916171
-91.26672337,116.0539367,15.03710998
-91.23948899,113.7991512,12.71941746
-90.91186349,111.7860657,10.07978497
-89.93010238,110.3164448,7.024041368
-88.41882617,109.3654825,4.066527652
-86.62224661,108.8267299,1.873712876
-84.78457545,108.5937384,1.112066092
-83.13016206,108.574449,2.230933801
-81.80390631,108.7343616,4.811172308
-80.93084568,109.0533663,8.216515372
-80.63601766,109.5113527,11.81069675
-81.01189674,110.0729593,15.07264088
-82.02070542,110.6418189,17.94203493
-83.5921032,111.106313,20.47375675
-85.65574959,111.3548228,22.72268419
-88.13426899,111.3191501,24.73038779
-90.92214547,111.1047779,26.48520885
-93.90682796,110.8606095,27.96218137
-96.97576545,110.7355483,29.13633936
-100.0358528,110.8582272,30.00146307
-103.0717682,111.2761973,30.62631785
-106.087636,112.0167395,31.09841527
-109.0875804,113.1071344,31.50526694
-112.0706258,114.5420557,31.89315834
-115.0153971,116.1857479,32.14347057
-117.8954198,117.8698483,32.09635861
-120.6842189,119.4259945,31.59197744
-123.3376556,120.6989061,30.50929365
-125.7409345,121.5856322,28.88252022
-127.7615958,121.9963041,26.78468173
-129.26718,121.8410531,24.28880275
-130.1757174,121.0964392,21.47051734
-130.607198,120.0047362,18.41589748
-130.7321021,118.8746466,15.21362464
-130.7209096,118.0148728,11.95238027
-130.7083402,117.6375024,8.707177452
-130.6860714,117.5681634,5.498355762
-130.6100202,117.535869,2.332586386
-130.4361036,117.2696323,-0.7834594829
-130.1304389,116.5668432,-3.845746388
-129.6999429,115.4983976,-6.860781801
-129.1617329,114.2035681,-9.837708931
-128.5329261,112.8216275,-12.78567098
-127.8326123,111.4838417,-15.7158923
-127.0877735,110.2894503,-18.64792175
-126.3273643,109.3296862,-21.60338934
-125.5803394,108.6957826,-24.60392509
-124.8428409,108.4100193,-27.64803116
-123.9797602,108.2188641,-30.64169835
-122.8231762,107.799832,-33.46778961
-121.2051677,106.8304379,-36.0091679
-119.0326814,105.1306342,-38.13326898
-116.5121358,103.0901246,-39.6458198
-113.9248173,101.2410505,-40.33712014
-111.5520123,100.1155532,-39.99746974
-109.6215923,100.118342,-38.52671942
-108.147768,101.1443975,-36.26292412
-107.0913354,102.9612682,-33.65368983
-106.4130903,105.3365026,-31.14662253
-106.0884519,108.0457154,-29.08501164
-106.1513328,110.896785,-27.39488024
-106.6502691,113.7056562,-25.89793484
-107.6337966,116.2882735,-24.41588195
-109.1235583,118.4532577,-22.84017376
-111.033625,119.9799351,-21.34124506
-113.2511744,120.6403078,-20.15927633
-115.6633843,120.2063783,-19.53444804
-118.168437,118.5897379,-19.64511318
-120.7085331,116.2603342,-20.42231475
-123.2368776,113.827704,-21.73526829
-125.7066757,111.9013839,-23.45318933
-128.0629806,110.929937,-25.46693431
-130.2182374,110.7180314,-27.75392331
-132.0767394,110.9093619,-30.31321732
-133.54278,111.1476229,-33.14387734
-134.5146948,111.1603553,-36.21418431
-134.8669888,111.0104852,-39.36929896
-134.4682095,110.8447849,-42.42360199
-133.1869045,110.8100269,-45.19147409
-130.9770409,111.0322799,-47.5192176
-128.1342646,111.5547977,-49.38082152
-125.0396413,112.4001306,-50.78219651
-122.0742369,113.5908288,-51.72925324
-119.5132028,115.1233311,-52.27171681
-117.2080348,116.8896309,-52.6345701
-114.9043143,118.7556101,-53.08661045
-112.3476231,120.5871508,-53.89663521
-109.4343188,122.2506226,-55.26505481
-106.6638648,123.6143466,-57.11873213
-104.6865006,124.5471314,-59.31614315
-104.1524655,124.9177858,-61.71576386
-105.4410416,124.6244868,-64.18268946
-107.8476808,123.6828849,-66.60849206
-110.3968775,122.1379987,-68.891363
-112.1131259,120.0348469,-70.92949362
-112.2643943,117.4752931,-72.64273464
-111.0925466,114.7885803,-74.03757449
-109.0829203,112.3607961,-75.14216097
-106.7208531,110.5780283,-75.98464189
-104.4764383,109.714512,-76.61087101
-102.7587918,109.5970722,-77.13752583
-101.9617854,109.9406809,-77.69898982
-102.4792905,110.4603105,-78.42964642
-104.4621885,110.9490463,-79.41253634
-107.0893992,111.5124259,-80.52532926
-109.2968519,112.3341,-81.59435215
-110.0204761,113.5977194,-82.44593195
-108.5276451,115.3705615,-82.97929214
-105.4115079,117.2544103,-83.38524227
-101.5966572,118.7346765,-83.92748844
-98.00768583,119.2967708,-84.86973673
-95.41687332,118.5903258,-86.38319025
-93.98724579,116.9218621,-88.26904019
-93.72951605,114.7621223,-90.23597475
-94.65439691,112.5818488,-91.99268213
-96.69175137,110.7630238,-93.34156138
-99.44804311,109.3325883,-94.45985494
-102.448886,108.2287231,-95.61851607
-105.219894,107.3896088,-97.08849803
-107.416728,106.7810178,-99.0647965
-109.2152374,106.479088,-101.4385768
-110.9213189,106.5875492,-104.0250467
-112.840869,107.210131,-106.6394139
-115.1816993,108.3747811,-109.0638133
-117.7592813,109.8063191,-110.9480883
-120.2910016,111.1537826,-111.9090095
-122.4942468,112.0662092,-111.5633475
-124.1415616,112.2967815,-109.6831442
-125.2261225,112.015262,-106.6615264
-125.7962646,111.4955579,-103.0468922
-125.9003224,111.0115766,-99.38763973
-125.6028052,110.7770664,-96.10679836
-125.0329203,110.7651383,-93.12592299
-124.3360493,110.8887446,-90.24119982
-123.657574,111.0608373,-87.24881506
-123.0929842,111.1913855,-84.01169347
-122.5382028,111.1784272,-80.65971403
-121.8392608,110.9170173,-77.38949426
-120.8421893,110.3022107,-74.3976517
-119.4193852,109.3007496,-71.84158511
-117.5487098,108.1661244,-69.72181819
-115.2343901,107.2235126,-67.99965591
-112.4806535,106.7980918,-66.63640322
-109.3549213,107.1319889,-65.55621398
-106.1773925,108.1351291,-64.53463776
-103.3314602,109.6343871,-63.31007305
-101.2005174,111.4566374,-61.62091831
-100.0943871,113.407341,-59.32755695
-100.0286111,115.2063035,-56.77831199
-100.9451609,116.5519168,-54.44349135
-102.7860081,117.1425729,-52.79340297
-105.449077,116.7918738,-52.17022802
-108.6561031,115.7742617,-52.40364066
-112.0847747,114.4793889,-53.19518828
-115.4127801,113.2969076,-54.24641828
-118.3989133,112.531753,-55.31787438
-121.1263913,112.149991,-56.4060856
-123.7595369,112.0329704,-57.56657729
-126.4626729,112.0620401,-58.85487478
-129.3350499,112.1311965,-60.32625931
-132.21563,112.1850267,-62.03503562
-134.8783031,112.1807655,-64.03526437
-137.0969591,112.0756478,-66.38100618
-138.7145127,111.8500051,-69.0962755
-139.8499781,111.5765563,-72.08490197
-140.6913945,111.3511169,-75.22066902
-141.4268008,111.2695027,-78.37736007
-142.1977498,111.3952977,-81.46124812
-142.9598486,111.6631604,-84.50856435
-143.6222181,111.9755178,-87.58802949
-144.0939792,112.2347969,-90.76836429
-144.3119701,112.3891294,-94.08508864
-144.3238995,112.5694663,-97.44091909
-144.2051938,112.952463,-100.7053714
-144.0312791,113.7147752,-103.7479612
-143.9149433,114.9748102,-106.4691209
-144.1184214,116.6179818,-108.8929497
-144.9413098,118.4714554,-111.0744633
-146.6832052,120.3623964,-113.0686775
-149.4876946,122.1091927,-114.873662
-152.8743272,123.4951222,-116.2597015
-156.2066427,124.294685,-116.9401346
-158.8481807,124.2823813,-116.6283001
-160.3399888,123.3150433,-115.1599776
-160.9331464,121.5788313,-112.8607121
-161.0562409,119.3422375,-110.1784893
-161.1378596,116.873754,-107.5612953
-161.5315378,114.4477654,-105.418162
-162.2906027,112.3622255,-104.0023056
-163.3933295,110.9209805,-103.5279879
-164.8179932,110.4278766,-104.2094712
-166.531995,111.0734609,-106.0834374
-168.459239,112.5950849,-108.4762489
-170.5127553,114.6168013,-110.5366878
-172.6055739,116.7626625,-111.4135364
-174.6204186,118.702664,-110.5025901
-176.3187875,120.2905727,-108.187697
-177.4318723,121.4260983,-105.0997181
-177.6908651,122.0089505,-101.8695147
-176.9420066,121.9826406,-98.98628889
-175.4917349,121.4658862,-96.37260709
-173.761537,120.6212061,-93.80937674
-172.1729002,119.6111194,-91.07750525
-171.0315551,118.5779617,-88.0340864
-170.180206,117.5833356,-84.84095925
-169.345801,116.6686601,-81.73614923
-168.2552879,115.8753545,-78.95768173
-166.685974,115.2340293,-76.67801935
-164.6166041,114.7320608,-74.80737341
-162.0762824,114.3460168,-73.19039242
-159.0941132,114.0524649,-71.67172489
-155.783064,113.793859,-70.12468791
-152.5915569,113.3761981,-68.53727297
-150.0518772,112.5713673,-66.92614012
-148.6963103,111.1512517,-65.30794945
-148.9034422,109.0295306,-63.72550988
-150.4370611,106.6870599,-62.32622586
-152.9072555,104.7464896,-61.28365069
-155.9241143,103.8304699,-60.77133767
-159.1091384,104.3546574,-60.9234539
-162.129478,105.9067356,-61.71662161
-164.6636958,107.8673948,-63.08807683
-166.3903543,109.6173249,-64.97505558
-167.0689594,110.6961024,-67.28722125
-166.7827905,111.2788479,-69.82394659
-165.6960704,111.6995683,-72.35703173
-163.9730218,112.2922705,-74.65827679
-161.8115111,113.3173095,-76.5787066
-159.5439798,114.7404329,-78.28624488
-157.536513,116.4537364,-80.02804002
-156.155196,118.3493157,-82.05124047
-155.6802329,120.2710865,-84.49248746
-156.0483042,121.8702448,-87.04639362
-157.1102091,122.7498065,-89.29706442
-158.7167472,122.5127874,-90.82860532
-160.7312741,120.9285054,-91.35043323
-163.0673707,118.4314851,-91.0732109
-165.651174,115.6225532,-90.33291252
-168.4088214,113.1025361,-89.46551228
-171.2720295,111.3246586,-88.75762642
-174.1948342,110.1517388,-88.29843927
-177.136851,109.298993,-88.12777724
-180.0576954,108.4816376,-88.2854667
-182.9255131,107.4888188,-88.79902805
-185.7425705,106.4054037,-89.6467578
-188.5196646,105.3901892,-90.79464647
-191.2675921,104.6019723,-92.20868458
-193.9819102,104.1751676,-93.86604157
-196.5972187,104.1466596,-95.78860254
-199.0328775,104.5289505,-98.00943149
-201.2082469,105.3345425,-100.5615924
-203.0249042,106.5522326,-103.4094692
-204.3132959,108.0759969,-106.2427248
-204.8860855,109.7761062,-108.6823423
-204.5559367,111.5228315,-110.3493046
-203.2915276,113.1848506,-110.9603697
-201.6855935,114.6244693,-110.615397
-200.4868842,115.7024004,-109.5100207
-200.4441497,116.2793565,-107.8398752
-202.0197592,116.2679381,-105.7782813
-204.530561,115.7882965,-103.4093042
-207.007023,115.0124707,-100.7946955
-208.479613,114.1124998,-97.99620677
-208.2557542,113.2200515,-95.0780424
-206.7506919,112.3053078,-92.11421792
-204.6566267,111.2980793,-89.18120169
-202.665759,110.1281766,-86.35546205
-201.3295529,108.7838162,-83.67206127
-200.6365254,107.4868371,-81.00043718
-200.434457,106.5174841,-78.16862154
-200.5711283,106.1560019,-75.00464609
-200.8509212,106.5831701,-71.44167161
-200.9046246,107.581907,-67.83337504
-200.3196288,108.8356658,-64.63856231
-198.6833243,110.0278996,-62.3160394
-195.815985,110.9090081,-61.16126054
-192.4694202,111.4971778,-60.81627318
-189.6283227,111.8775419,-60.75977305
-188.2773853,112.1352334,-60.47045587
-189.0450188,112.3423225,-59.56893518
-191.1345046,112.518627,-58.24349559
-193.3928423,112.6709017,-56.82433954
-194.6670312,112.8059014,-55.64166945
-194.1758218,112.9191716,-54.91788324
-192.6249693,112.9614204,-54.44416079
-191.0919799,112.8721468,-53.9038775
-190.65436,112.5908495,-52.98040876
-191.9991915,112.1002524,-51.48405263
-194.2518596,111.5559785,-49.73279787
-196.1473253,111.1568756,-48.17155589
-196.4205495,111.1017918,-47.24523813
-194.2599374,111.5042042,-47.21012918
-190.6676721,112.1361078,-47.56800644
-187.0993809,112.6841267,-47.63202048
-185.0106911,112.8348851,-46.71532187
-185.3817271,112.3900447,-44.38027213
-187.2906016,111.6114173,-41.18607651
-189.3399244,110.8758521,-37.94115123
-190.1323051,110.5601982,-35.45391249
-188.6604828,110.9605068,-34.30622975
-185.4777139,112.0496366,-34.17378556
-181.527384,113.7196481,-34.50571572
-177.7528788,115.8626019,-34.75115605
-174.8855502,118.3105147,-34.52977119
-172.8086148,120.6552281,-34.14334116
-171.1932555,122.42854,-34.06417481
-169.7106553,123.1622482,-34.76458098
-168.086236,122.5623977,-36.54321101
-166.2623763,121.0320231,-39.00408611
-164.2356938,119.1484062,-41.57756994
-162.0028061,117.4888288,-43.69402619
-159.601199,116.5148796,-44.88194495
-157.2318309,116.2253749,-45.06232192
-155.1365287,116.5034379,-44.25427921
-153.5571188,117.2321918,-42.47693894
-152.6618526,118.2919976,-39.80777894
-152.3246797,119.552167,-36.55769988
-152.3459742,120.8792497,-33.09595816
-152.5261104,122.1397952,-29.79181016
-152.6990388,123.1725085,-26.91077006
-152.833016,123.7047154,-24.30338317
-152.9298748,123.4358974,-21.71645255
-152.9914481,122.0655356,-18.89678128
-152.9996535,119.4729086,-15.71002598
-152.8567475,116.2564841,-12.4972574
-152.4450716,113.1945271,-9.718399809
-151.6469669,111.0653027,-7.833377498
-150.397149,110.4092845,-7.17303293
-148.8398301,110.8157819,-7.5518813
-147.1715965,111.6363128,-8.655355985
-145.5890345,112.2223953,-10.16889036
-144.2580682,112.0843115,-11.75537389
-143.2219722,111.3674003,-12.98752033
-142.4933585,110.3757646,-13.41549953
-142.0848393,109.4135073,-12.58948135
-142.0053769,108.7754006,-10.27453337
-142.2493326,108.7188938,-7.095314179
-142.8074179,109.4921053,-3.891380109
-143.6703442,111.3431535,-1.502287488
-144.8396785,114.3527356,-0.5464044224
-146.3604101,117.931864,-0.75734613
-148.2883839,121.3241299,-1.647539605
-150.6794447,123.7731244,-2.729411842
-153.5302822,124.7089626,-3.62443752
-156.600966,124.3078552,-4.390282052
-159.5924105,122.932537,-5.193658535
-162.2055301,120.9457427,-6.201280066
-164.2296229,118.689898,-7.547136864
-165.8075223,116.426193,-9.23432763
-167.1704454,114.3955086,-11.23322819
-168.5496093,112.8387258,-13.51421436
-170.1376283,111.9174694,-16.02103839
-171.9727055,111.4763389,-18.59095818
-174.0544413,111.2806776,-21.03460806
-176.382436,111.0958286,-23.16262234
-178.9490439,110.7272358,-24.82893292
-181.7176356,110.1407449,-26.06066202
-184.6443357,109.3423022,-26.92822942
-187.6852687,108.3378538,-27.50205491
-190.7859022,107.1643645,-27.81476441
-193.8490759,105.9828721,-27.74780833
-196.7669723,104.985433,-27.14484323
-199.431774,104.3641033,-25.84952563
-201.7356581,104.2470486,-23.77215477
-203.570778,104.5068706,-21.0896005
-204.8292818,104.9522805,-18.04537539
-205.4033172,105.3919894,-14.88299195
-205.2339419,105.6619591,-11.79875464
-204.4578525,105.7071549,-8.800135392
-203.2606552,105.4997929,-5.847398069
-201.8279564,105.0120893,-2.900806512
-200.3378298,104.2509831,0.06885642901
-198.9382183,103.3623053,3.048731896
-197.7695325,102.5266101,6.015442026
-196.9721825,101.9244514,8.945608959
-196.6361487,101.7117037,11.83001758
-196.6496908,101.9455227,14.71610373
-196.8506381,102.6583845,17.66546602
-197.0768201,103.8827653,20.73970304
-197.1636019,105.5876887,23.95060739
-196.9364907,107.4883677,27.11074767
-196.2185291,109.2365627,29.98288647
-194.8327599,110.4840342,32.32978641
-192.7289372,110.9759204,33.92966889
-190.3636611,110.83087,34.6225906
-188.3202428,110.2609096,34.26406704
-187.1819939,109.4780656,32.70961373
-187.291491,108.7170157,29.94940219
-188.0283725,108.3030417,26.51222807
-188.5315422,108.5840767,23.06154303
-187.9399039,109.9080535,20.26079877
-185.6884281,112.4127943,18.61780064
-182.3963525,115.3956767,18.01776887
-178.9789814,117.9439676,18.19027736
-176.3516194,119.1449336,18.86490004
-175.1997273,118.385322,19.82052361
-175.2893923,116.2498014,21.03328586
-176.1568582,113.622521,22.5286374
-177.3383687,111.3876296,24.33202882
-178.3925245,110.2294156,26.41709323
-178.9673555,110.0327231,28.55019387
-178.7332486,110.4825354,30.44587647
-177.3605907,111.2638357,31.81868679
-174.6952723,112.1223528,32.44192549
-171.2851975,113.0467965,32.32391294
-167.8537741,114.0866225,31.53172443
-165.1244099,115.2912861,30.13243525
-163.5996592,116.6837884,28.19898432
-162.8986627,118.1813136,25.82776521
-162.4197079,119.6745913,23.12103513
-161.5610819,121.0543513,20.18105129
-159.8757535,122.2244353,17.16587336
-157.5354164,123.1411324,14.45677093
-154.8664454,123.7738438,12.49081604
-152.1952155,124.0919707,11.70508075
-149.8137816,124.088331,12.40092196
-147.8769177,123.849411,14.33683612
-146.5050779,123.4851137,17.13560451
-145.8187162,123.1053421,20.42000842
-145.8367,122.8037135,23.85902719
-146.1715502,122.6087014,27.30643234
-146.334201,122.5324933,30.66219342
-145.8355869,122.5872768,33.82627999
-144.3354926,122.7484194,36.68080136
-142.0891054,122.8440086,39.03642588
-139.5004632,122.6653118,40.6859616
-136.9736036,122.0035965,41.42221664
-134.8307187,120.7285828,41.09588376
-133.0666159,119.0238027,39.78919457
-131.594257,117.1512409,37.64226538
-130.3266038,115.372882,34.7952125
-129.1607076,113.9045417,31.45620816
-127.9299791,112.7773585,28.10564833
-126.4519187,111.9763016,25.29198489
-124.5440269,111.4863405,23.56366975
-122.132272,111.2622217,23.31663442
-119.5764945,111.1378009,24.3367289
-117.3450027,110.916711,26.25728283
-115.9061051,110.402585,28.71162585
-115.6091961,109.4793244,31.39302218
-116.3280141,108.351905,34.23447452
-117.8173836,107.3055715,37.22892017
-119.8321291,106.6255683,40.36929643
-122.0983096,106.5223176,43.61676318
-124.2269222,106.9069522,46.80537056
-125.8001985,107.6157826,49.73739125
-126.4003702,108.4851194,52.21509798
-125.745868,109.4031139,54.10429694
-124.0999198,110.4652813,55.52492831
-121.8619526,111.8189776,56.66046575
-119.4313934,113.6115588,57.69438294
-117.1915347,115.9088586,58.78831569
-115.4611306,118.450621,60.01654841
-114.5428005,120.8950676,61.43152765
-114.7391642,122.90042,63.08569994
-116.23244,124.1942948,64.9748098
-118.7232429,124.7818888,66.8677936
-121.7917868,124.7377937,68.47688565
-125.0182856,124.1366013,69.51432029
-128.0645965,123.0652191,69.78148713
-130.91915,121.659817,69.43639699
-133.6520198,120.0688808,68.72621598
-136.3332799,118.440896,67.89811022
-139.0209909,116.9021988,67.13543682
-141.7251616,115.4905267,66.36631694
-144.4437874,114.2214679,65.45506277
-147.174864,113.1106103,64.26598647
-149.917996,112.1826374,62.72193982
-152.6792242,111.4986141,60.97993306
-155.4661983,111.1287007,59.25551602
-158.2865682,111.1430573,57.76423855
-161.1464814,111.5822999,56.65775162
-164.0460756,112.368866,55.83211077
-166.9839864,113.395649,55.11947268
-169.9588492,114.5555421,54.35199401
-172.9620192,115.7623964,53.42230328
-175.9557298,117.0138938,52.46491638
-178.8949344,118.3286741,51.67482106
-181.7345861,119.7253772,51.24700505
-184.4361208,121.1859891,51.34915344
-186.9869055,122.5458824,52.03974067
-189.38079,123.6037757,53.34993856
-191.6116239,124.1583878,55.3109189
-193.6617065,124.0554991,57.89473222
-195.4671354,123.3291364,60.83694394
-196.9524576,122.0603878,63.81399822
-198.0422202,120.3303416,66.5023392
-198.7265973,118.2396565,68.68113685
-199.2582703,115.9672727,70.54046439
-199.955548,113.7117007,72.37312087
-201.1367389,111.6714513,74.47190533
-202.9666461,110.0086153,77.04325693
-204.996051,108.739605,79.94817518
-206.6222293,107.844413,82.96129972
-207.2424569,107.3030321,85.85727019
-206.4353029,107.0672617,88.41123706
-204.5045093,106.9761293,90.40039411
-201.9351116,106.8404695,91.60244597
-199.2121451,106.4711166,91.79509727
-196.7121885,105.7782343,90.88312973
-194.3779935,105.0693032,89.27963344
-192.0438551,104.7511329,87.5247756
-189.5440686,105.2305332,86.15872339
-186.8265362,106.7479123,85.54200434
-184.2935893,108.8780717,85.31658732
-182.4611666,111.0294114,84.94480154
-181.8452068,112.6103314,83.88897621
-182.7467125,113.2081851,81.76380018
-184.6069425,113.1261402,78.79340082
-186.6522197,112.8463177,75.35426517
-188.1088668,112.8508389,71.82288026
-188.3747238,113.4831735,68.55582979
-187.5336985,114.5321859,65.83008415
-185.8412162,115.6480891,63.90271043
-183.5527018,116.4810961,63.03077569
-180.9259915,116.775557,63.38437171
-178.2285656,116.65237,64.78568911
-175.7303155,116.3265704,66.96994319
-173.7011328,116.0131934,69.67234926
-172.3292127,115.8742779,72.65993925
-171.4759671,115.8598765,75.82701149
-170.9211117,115.8670451,79.09968094
-170.4443625,115.79284,82.40406253
-169.9182682,115.5657494,85.66179513
-169.5867107,115.2399909,88.77661316
-169.7864047,114.901214,91.64777495
-170.8540649,114.6350686,94.17453885
-173.0065044,114.4889904,96.2657212
-175.9809285,114.3575588,97.86837039
-179.3946408,114.0971395,98.93909281
-182.8649449,113.564098,99.43449487
-186.0945257,112.698253,99.37065088
-189.1275945,111.7732358,99.00150679
-192.0937441,111.1461307,98.64047644
-195.1225674,111.1740223,98.60097369
-198.2486479,112.095417,99.1307235
-201.1265332,113.6745103,100.2146953
-203.3157617,115.5569196,101.7721697
-204.375872,117.3882626,103.7224271
-204.0023112,118.8550925,105.9516835
-202.4341619,119.8077067,108.2138961
-200.0464151,120.1373381,110.2299572
-197.2140623,119.73522,111.7207596
-194.2553512,118.5672695,112.4771912
-191.2615564,116.8981409,112.5701223
-188.2672089,115.0671724,112.1404189
-185.3068397,113.4137023,111.3289468
-182.4041649,112.2320418,110.2932425
-179.5396397,111.6363942,109.2575243
-176.6829041,111.6959356,108.4626811
-173.8035983,112.479842,108.1496019
-170.8851304,113.9875315,108.4499013
-167.9659818,115.9393898,109.0580972
-165.0984019,117.9860444,109.5594334
-162.3346402,119.7781231,109.5391535
-159.7537511,121.0445079,108.6794503
-157.5420088,121.8270989,107.0503123
-155.9124925,122.2460509,104.8186771
-155.0782813,122.4215184,102.1514823
-155.1726254,122.4361793,99.2066122
-156.0094591,122.2228032,96.10573836
-157.3228877,121.6766829,92.96147914
-158.8470166,120.6931113,89.88645287
-160.3147218,119.2487744,86.96216738
-161.4539624,117.6459315,84.1456884
-161.9914681,116.268235,81.36297114
-161.6539686,115.4993376,78.5399708
-160.2837971,115.6115904,75.69125434
-158.1857009,116.43214,73.18583567
-155.7800305,117.6768316,71.48134043
-153.4871367,119.0615104,71.03539427
-151.642319,120.3130887,72.14258978
-150.2406725,121.2027461,74.4453873
-149.1922413,121.5127293,77.42321412
-148.4070694,121.0252849,80.55549752
-147.7831905,119.6311417,83.42746288
-147.1705981,117.6549564,86.04752793
-146.4072749,115.529868,88.52990851
-145.3312041,113.6890154,90.98882045
-143.8284616,112.4638323,93.51276335
-141.9774943,111.7789316,96.08737186
-139.9048421,111.4572211,98.67256439
-137.7370449,111.3216085,101.2282594
-135.5723035,111.2017869,103.707262
-133.3954627,110.9545902,106.0339249
-131.1630283,110.4436378,108.1254875
-128.8315062,109.5325491,109.8991892
-126.3782028,108.129642,111.2951424
-123.8636275,106.3220286,112.3449513
-121.3690904,104.2415199,113.1030931
-118.9759016,102.0199265,113.624045
-116.7088377,99.81470124,113.948298
-114.3665413,97.88586392,114.0603978
-111.6911215,96.51907627,113.9309041
-108.4246876,96,113.5303764
